a_sopr,date,lth_sopr,sopr,sth_sopr
0.94825891,2019-01-01,0.41568031,0.97900317,0.98486863
0.99094862,2019-01-02,0.56963012,0.99685395,1.00164822
0.9561669,2019-01-03,0.46463775,0.9801973,0.97184835
0.97796175,2019-01-04,0.52678593,0.98976032,0.98914199
0.9910753,2019-01-05,0.58397875,0.99664972,0.99756596
0.96305932,2019-01-06,0.45487665,0.98486897,1.00154656
0.9860462,2019-01-07,0.68266728,0.99360484,0.99931961
0.96326088,2019-01-08,0.4342105,0.98339876,1.00030762
0.99383161,2019-01-09,0.6645706,0.99735565,0.99990014
0.87401735,2019-01-10,0.34864567,0.94223152,0.96382898
0.8194288,2019-01-11,0.50207806,0.90069767,0.97644249
0.96572658,2019-01-12,0.48856374,0.98690081,0.98069266
0.9597246,2019-01-13,0.55557495,0.98389179,0.97237471
0.96949005,2019-01-14,1.36679615,0.98723142,0.9551926
1.01036005,2019-01-15,2.31654439,1.00511679,0.93889457
0.99834701,2019-01-16,1.62336686,0.99924203,0.98395527
0.96408823,2019-01-17,0.481786,0.98284795,0.98556764
0.97522563,2019-01-18,0.50343572,0.98820235,0.9831087
0.96926942,2019-01-19,0.43662847,0.9865516,1.00165567
0.96239988,2019-01-20,0.46966114,0.98580805,0.97817902
0.97114129,2019-01-21,1.27056145,0.99278992,0.9611862
0.90717081,2019-01-22,0.27298295,0.963517,0.98128266
0.97252879,2019-01-23,0.47694338,0.99010844,0.98964905
0.98143701,2019-01-24,0.52956853,0.99465468,0.98952446
0.96336601,2019-01-25,0.31761089,0.99163769,0.98589532
0.96353906,2019-01-26,0.38009073,0.98949215,0.9930997
0.96333316,2019-01-27,0.45353862,0.9864533,0.98621857
0.94442886,2019-01-28,0.44122333,0.98243365,0.96796572
0.95015331,2019-01-29,0.43141773,0.9843318,0.97710514
0.95001707,2019-01-30,0.62883594,0.98880604,0.98117471
0.96808585,2019-01-31,0.52929553,0.99329484,0.98194852
0.96452134,2019-02-01,0.46376748,0.99341321,0.97123745
0.97684211,2019-02-02,0.5199801,0.99539551,0.98566806
0.97173122,2019-02-03,0.42669407,0.9895109,0.98697519
0.93885646,2019-02-04,0.35206453,0.98926893,0.97216652
0.96985341,2019-02-05,0.51641766,0.99602989,0.98795538
0.94437529,2019-02-06,0.6189678,0.99369709,0.96742617
0.95272986,2019-02-07,0.50676342,0.99281727,0.97345938
0.97782809,2019-02-08,0.46468309,0.9971471,1.00328074
1.00303541,2019-02-09,0.67412209,1.00062972,1.01141988
0.98987253,2019-02-10,0.58417411,0.99600672,0.99919991
0.97591012,2019-02-11,0.53423382,0.99595155,0.99804487
0.97477936,2019-02-12,0.49443801,0.9962815,0.98899898
0.90639716,2019-02-13,0.43840238,0.98774128,0.9781925
0.98040521,2019-02-14,0.69492374,0.997582,0.98818603
0.97560443,2019-02-15,0.4594537,0.99549111,0.99055511
0.94470414,2019-02-16,0.42460145,0.97710185,0.99883943
0.97004558,2019-02-17,0.38945314,0.9890358,0.9987091
0.99264188,2019-02-18,0.47131976,0.99783109,1.02560957
0.98848964,2019-02-19,0.59179345,0.99682948,1.02016891
1.0269057,2019-02-20,1.60641687,1.01064643,1.00959261
0.97561307,2019-02-21,0.61358883,0.98993799,1.00339258
0.99720146,2019-02-22,0.62093966,0.99908595,1.00819321
0.96450269,2019-02-23,0.58283668,0.98849719,1.01715848
0.98756454,2019-02-24,0.56840317,0.99478973,1.00262839
0.96772545,2019-02-25,0.58572669,0.98878822,0.98720556
0.98987119,2019-02-26,0.66841659,0.99740185,0.99681615
0.98545848,2019-02-27,0.50350876,0.9951864,0.99680617
0.98999107,2019-02-28,0.93450133,0.99619318,1.00015662
0.99044799,2019-03-01,0.62793463,0.99721803,0.99704472
0.98428889,2019-03-02,0.45999533,0.99513247,1.00896062
0.99096702,2019-03-03,0.5076108,0.99837616,0.99944492
0.95246207,2019-03-04,0.63332515,0.98748672,0.95826271
0.99757501,2019-03-05,0.69869701,0.99955472,1.00672741
0.99151364,2019-03-06,0.55899444,0.9972308,1.00278861
0.99485905,2019-03-07,0.64576899,0.99829997,1.00283312
0.98532598,2019-03-08,0.53811184,0.99491227,1.00343678
0.99427001,2019-03-09,0.5282333,0.9976949,1.00402088
0.98553071,2019-03-10,0.66312522,0.99390578,1.00202208
0.97896418,2019-03-11,0.55562784,0.99245421,0.99791163
0.97537272,2019-03-12,0.60618793,0.99269949,1.00033549
0.99103753,2019-03-13,0.66552126,0.9965393,0.99783765
0.98812942,2019-03-14,0.50049823,0.99575424,1.00154602
0.99296418,2019-03-15,0.54688526,0.99765316,1.00866376
0.97057309,2019-03-16,0.42486257,0.98772653,0.98430019
1.000803,2019-03-17,0.62286705,1.00020802,1.00721493
0.98821307,2019-03-18,0.57934989,0.99751777,1.00361484
1.00331728,2019-03-19,0.73632619,1.00116704,1.00860127
0.99732411,2019-03-20,0.67454364,0.99893655,1.00620472
0.98953962,2019-03-21,0.68316192,0.99664808,1.00681642
0.98953175,2019-03-22,0.51900027,0.99730957,1.00159073
0.98903889,2019-03-23,0.57642704,0.99610588,1.00027809
0.99103924,2019-03-24,0.53626654,0.99602174,1.00129624
0.98403834,2019-03-25,0.52770883,0.99502507,0.99560653
0.98321037,2019-03-26,0.68456594,0.99344627,0.99745621
1.00235728,2019-03-27,0.66889796,1.00101943,1.00926999
0.99737698,2019-03-28,0.58520754,0.99916231,1.00469305
1.02058868,2019-03-29,1.2551154,1.0074848,1.01013706
0.9989172,2019-03-30,0.57301544,0.99960943,1.00595206
0.95079201,2019-03-31,0.31576976,0.98128728,1.01018445
1.00335845,2019-04-01,0.65333388,1.00088266,1.01158611
1.07237074,2019-04-02,0.71392023,1.01507879,1.08358654
1.05020547,2019-04-03,0.96265242,1.02241647,1.05355413
1.02338848,2019-04-04,0.67777418,1.00919631,1.03150779
1.00116952,2019-04-05,0.70863887,1.00062454,1.03142795
1.01355289,2019-04-06,0.65947243,1.0050027,1.02561704
1.01221472,2019-04-07,0.62367771,1.00470971,1.02663027
1.02023833,2019-04-08,0.75313582,1.00774295,1.03360538
1.01948765,2019-04-09,0.68907661,1.00465209,1.02739064
1.02234706,2019-04-10,1.04452981,1.00735724,1.02173363
1.00128144,2019-04-11,0.8323059,1.00010389,1.0053437
1.01241905,2019-04-12,1.53282983,1.00395444,1.00307315
1.00971797,2019-04-13,0.9453729,1.00326627,1.01091867
0.95561736,2019-04-14,0.68443695,0.98419049,1.01094322
1.00029512,2019-04-15,0.64038982,0.99987803,1.00970868
1.01020311,2019-04-16,0.75026681,1.00254001,1.01629208
1.01921257,2019-04-17,0.86657996,1.00614,1.02300397
1.01155464,2019-04-18,0.9214722,1.0029239,1.01352602
1.06167644,2019-04-19,0.73740643,1.01695072,1.07601292
1.00690906,2019-04-20,0.81207641,1.00225016,1.01033053
0.99700429,2019-04-21,0.65685755,0.99886636,1.01228056
1.01283107,2019-04-22,0.8659411,1.00319384,1.02069446
1.03208041,2019-04-23,0.90866296,1.00723206,1.03386956
0.97887727,2019-04-24,0.72240873,0.99334541,1.02384756
1.00273551,2019-04-25,0.71179188,1.00072484,1.0095144
0.96959413,2019-04-26,0.64094266,0.98901984,1.00346786
0.99971171,2019-04-27,0.67334472,0.99977411,1.01023583
1.00555519,2019-04-28,0.72063482,1.00183348,1.01221395
0.9874866,2019-04-29,0.74927416,0.995787,1.00634872
1.01525193,2019-04-30,0.78156377,1.00439842,1.01779577
0.91127101,2019-05-01,0.56131836,0.96682584,1.01518734
1.00678346,2019-05-02,0.69547512,1.00285818,1.02092327
1.03189973,2019-05-03,0.85628468,1.01136236,1.03612691
1.0222335,2019-05-04,1.19429556,1.00653492,1.01968113
1.0342864,2019-05-05,1.37784745,1.01242325,1.02947546
1.03810629,2019-05-06,1.06718144,1.01621411,1.0376515
1.03712014,2019-05-07,0.7998376,1.01414527,1.0489283
1.02876245,2019-05-08,0.93886004,1.01017519,1.0310238
1.02204681,2019-05-09,0.71579054,1.00907539,1.04157109
1.02643322,2019-05-10,0.91652909,1.0094788,1.04226797
1.1040234,2019-05-11,0.89250218,1.03931754,1.11280784
1.09674101,2019-05-12,1.11201812,1.03699141,1.09621968
1.13337924,2019-05-13,1.48478997,1.03670211,1.11641233
1.12168256,2019-05-14,1.74094168,1.0410482,1.08200895
1.11529028,2019-05-15,1.37798053,1.02891212,1.09028279
1.09971075,2019-05-16,1.15283791,1.04468464,1.09854864
0.98752281,2019-05-17,0.86909147,0.99504456,0.98991024
1.01664829,2019-05-18,1.09855527,1.00584367,1.01468642
1.06705336,2019-05-19,1.26625343,1.02166705,1.05812188
1.03337291,2019-05-20,1.04613494,1.01151187,1.03280071
1.03970335,2019-05-21,0.9518484,1.01576045,1.04452767
1.02331054,2019-05-22,1.04232635,1.00791276,1.02198912
1.01369532,2019-05-23,1.24548605,1.00662782,1.01044034
1.04740602,2019-05-24,1.19799784,1.01631562,1.04493301
1.04222775,2019-05-25,1.99715715,1.01437137,1.02441331
1.05406819,2019-05-26,1.19916414,1.01794712,1.04956334
1.06981565,2019-05-27,1.36104698,1.02376433,1.06190437
1.05897728,2019-05-28,1.29891222,1.01904321,1.0524119
1.27006236,2019-05-29,1.45482968,1.10456282,1.26293349
1.03041693,2019-05-30,1.27685203,1.01024781,1.02660576
1.02080549,2019-05-31,1.4925463,1.00570008,1.01391684
1.03186882,2019-06-01,1.13884588,1.00903598,1.02994038
1.03426904,2019-06-02,1.37643257,1.00814302,1.02689194
1.05519965,2019-06-03,2.34916185,1.01639675,1.0184892
0.93434634,2019-06-04,0.57989292,0.97414198,0.98281797
0.98779285,2019-06-05,0.88496865,0.99552554,1.00074885
0.99417429,2019-06-06,1.07698067,0.9981956,0.99264219
1.02553005,2019-06-07,1.3519423,1.00767777,1.0223407
1.00613697,2019-06-08,1.23109836,1.00205279,1.00280103
1.01169079,2019-06-09,1.41176768,1.00366889,0.99978477
1.03665361,2019-06-10,1.42037706,1.01174451,1.02757253
1.00804633,2019-06-11,1.1335376,1.00192795,1.0063518
1.02520141,2019-06-12,1.30051132,1.00988654,1.01808782
1.02155923,2019-06-13,1.33906234,1.00789924,1.017734
1.05173556,2019-06-14,2.10472049,1.01888569,1.02320737
1.04084689,2019-06-15,1.21632351,1.01223511,1.03842116
1.05796879,2019-06-16,1.44140824,1.01595625,1.048907
1.04718246,2019-06-17,1.14895981,1.01098026,1.04500345
1.03111745,2019-06-18,1.35032982,1.00504986,1.02510542
1.05058915,2019-06-19,1.36341453,1.01355622,1.03232894
1.04869312,2019-06-20,1.39509675,1.00591792,1.04320184
1.06265193,2019-06-21,1.60189126,1.01618386,1.04709302
1.11278039,2019-06-22,1.28428753,1.02547217,1.10527763
1.08081295,2019-06-23,1.76249244,1.02129152,1.06147641
1.0851204,2019-06-24,1.87866501,1.01869866,1.06630632
1.0950502,2019-06-25,1.72226107,1.020167,1.0640343
1.18813471,2019-06-26,1.89425128,1.05968499,1.15459281
1.06472394,2019-06-27,1.84086738,1.01901879,1.03443444
1.10807121,2019-06-28,1.94005738,1.03888115,1.06224357
1.07454959,2019-06-29,2.18056052,1.01591969,1.05816969
1.09972589,2019-06-30,5.334535,1.01693259,1.02988008
1.00600339,2019-07-01,1.60950377,1.00121967,0.99879158
1.01736582,2019-07-02,1.9112422,1.00537403,0.99114116
1.06822592,2019-07-03,1.6277212,1.01680499,1.05319073
1.09171325,2019-07-04,1.73554361,1.02922869,1.06487947
1.00959752,2019-07-05,1.1354534,1.00211786,1.00394146
1.0284302,2019-07-06,1.61402051,1.01033606,1.02360043
1.0279292,2019-07-07,1.55454011,1.00835444,1.01945664
1.06015925,2019-07-08,1.91484727,1.00996538,1.04547256
1.07401823,2019-07-09,2.49415443,1.01259558,1.05154209
1.11390086,2019-07-10,2.10604869,1.0279175,1.10118126
1.01870153,2019-07-11,1.3501427,1.00243824,1.00680461
1.05125819,2019-07-12,1.80586877,1.00865374,1.03522351
1.01232515,2019-07-13,1.48685554,1.00183033,1.00673233
0.99109745,2019-07-14,1.53965881,0.99675981,0.98334488
1.00415113,2019-07-15,1.86709168,1.00126585,0.99380443
1.00131625,2019-07-16,1.52831067,0.99930691,0.9880951
1.02204976,2019-07-17,1.54324701,1.00580582,0.98109042
1.04806711,2019-07-18,2.52339225,1.00517069,1.01513221
1.0293558,2019-07-19,1.17216896,1.01089331,1.02201718
1.03572692,2019-07-20,1.86005003,1.01039365,1.01691034
1.04162489,2019-07-21,1.88221879,1.00857565,1.02238996
1.00646857,2019-07-22,1.32700823,1.0003011,1.00131217
0.9915212,2019-07-23,1.61501179,0.99728696,0.98795729
1.07581114,2019-07-24,11.70239036,1.01751788,0.97908968
1.02314201,2019-07-25,1.21305307,1.00392477,1.01684515
1.00999238,2019-07-26,2.17100103,1.00307861,0.99489875
0.99885105,2019-07-27,2.08969988,0.99916595,0.99130479
0.99660402,2019-07-28,1.55447661,0.99882909,0.99083234
1.25971954,2019-07-29,5.23408065,1.07485354,1.0159397
1.00723386,2019-07-30,1.5594764,1.00119134,1.00060635
1.02012132,2019-07-31,1.75849112,1.00427373,1.01348988
1.02775445,2019-08-01,2.34505119,1.00827422,1.01204659
1.03399412,2019-08-02,1.89353197,1.0144159,1.02917869
1.03846198,2019-08-03,1.97893641,1.01509809,1.03310947
1.03528665,2019-08-04,1.3931475,1.01121999,1.01643563
1.1032024,2019-08-05,1.51097959,1.02329361,1.06487267
1.09408833,2019-08-06,1.71099447,1.02241151,1.04777814
1.0613937,2019-08-07,1.82743166,1.02452481,1.03346318
1.07133351,2019-08-08,2.46971067,1.01716539,1.04285995
1.03713331,2019-08-09,2.01627524,1.00850736,1.02931435
1.01822128,2019-08-10,2.19418818,1.00211229,1.00802203
1.03811266,2019-08-11,1.620252,1.01259763,1.01579632
1.02954789,2019-08-12,2.41095997,1.00739731,1.00960709
1.04348353,2019-08-13,1.81880313,1.01157634,1.02864423
1.02188498,2019-08-14,1.86597333,1.00563618,1.01568532
0.97885495,2019-08-15,1.86217935,0.99510569,0.97292188
1.00990763,2019-08-16,2.17749298,1.00369566,1.00047367
0.99496259,2019-08-17,1.90889943,0.99857847,0.99099814
1.00766216,2019-08-18,2.22660083,1.0021765,1.00355592
1.01240079,2019-08-19,1.13775633,1.00501639,1.00895609
1.04098012,2019-08-20,2.24769963,1.00130407,1.01584583
0.99577945,2019-08-21,2.52354449,0.99990614,0.98702324
0.98881163,2019-08-22,2.06208428,0.99975284,0.98222515
1.11711894,2019-08-23,2.37752273,1.05632858,1.10566876
1.0042129,2019-08-24,1.70181198,1.00177645,0.99835238
1.01049026,2019-08-25,1.77138472,1.00312425,0.99774218
1.02442635,2019-08-26,2.04668206,1.00794155,1.01200819
1.02359075,2019-08-27,1.82624046,1.00741779,0.99192423
1.00532295,2019-08-28,1.77368156,1.0014948,0.99680242
0.9745868,2019-08-29,1.9970977,0.98836457,0.96622953
0.9947566,2019-08-30,2.01687016,0.99814621,0.98614853
0.99230274,2019-08-31,1.61548337,0.99789212,0.98845706
1.01289744,2019-09-01,1.83933447,1.00332645,0.99541058
1.01199152,2019-09-02,1.96516221,1.00500885,1.00427105
1.03942201,2019-09-03,1.72576285,1.01442159,1.03018252
1.02249346,2019-09-04,1.48217269,1.00673656,1.01257652
1.02361709,2019-09-05,1.73958471,1.00683442,1.00884666
1.2189658,2019-09-06,4.80536114,1.07629064,1.01220856
1.01202096,2019-09-07,2.28422111,1.00478722,0.99863555
1.01930469,2019-09-08,1.8443597,1.00558089,1.00730669
1.01023062,2019-09-09,1.53001226,1.0043655,1.00329446
1.00100486,2019-09-10,2.02023543,1.0003034,0.99362118
1.06708589,2019-09-11,1.96753335,1.02401861,1.06054727
1.01093009,2019-09-12,1.79861423,1.00458786,1.00133628
1.02126745,2019-09-13,2.35592765,1.00800206,1.00275015
1.01467639,2019-09-14,2.16827145,1.00519066,1.00395922
1.00918065,2019-09-15,2.16442827,1.00360653,0.9977947
1.00238674,2019-09-16,1.74961092,1.00083119,0.99659942
1.0105183,2019-09-17,1.32557613,1.00332818,1.00494091
1.03187977,2019-09-18,3.43410174,1.01427214,1.00027111
0.99286321,2019-09-19,1.66523143,0.99712381,0.98784367
1.00745243,2019-09-20,1.89377976,1.00344628,1.00056077
1.00222032,2019-09-21,2.30081178,1.00063167,0.99715713
0.99966945,2019-09-22,1.7243815,0.99998209,0.99589384
0.99177505,2019-09-23,1.23221524,0.99824495,0.98792965
0.9949385,2019-09-24,1.90794861,0.99694468,0.9398133
0.93453454,2019-09-25,1.69273923,0.97262187,0.92297448
0.9279894,2019-09-26,1.79994997,0.96175777,0.91827042
0.98478207,2019-09-27,1.77610989,0.99331783,0.96562543
0.96985692,2019-09-28,1.44046215,0.98641008,0.9652632
0.98297404,2019-09-29,1.5639658,0.99279444,0.9744976
0.9826568,2019-09-30,1.46641962,0.9940836,0.97703278
0.97870316,2019-10-01,1.45348567,0.99257363,0.97636503
0.98549567,2019-10-02,1.60730127,0.99438942,0.98153662
0.97912727,2019-10-03,1.54175531,0.99191307,0.97354476
0.98365705,2019-10-04,2.03530271,0.99344576,0.97616616
0.9915764,2019-10-05,1.61181107,0.9965169,0.98588619
0.97362442,2019-10-06,1.18572909,0.99087764,0.97065644
0.99087775,2019-10-07,1.2872583,0.99593849,0.98487511
1.00015642,2019-10-08,1.4236213,1.00000584,0.98025863
0.9995267,2019-10-09,1.39031509,1.00008371,0.99645105
0.99908129,2019-10-10,1.78031837,0.99971219,0.99435419
0.98867776,2019-10-11,1.3547184,0.99495773,0.98308562
1.00245081,2019-10-12,1.79561161,1.00097987,0.98589532
0.99220986,2019-10-13,1.45125735,0.9963657,0.99020022
1.1260755,2019-10-14,2.21945199,1.07153241,0.98661683
0.97156381,2019-10-15,0.8475716,0.98742583,0.98213294
0.97260265,2019-10-16,1.48204,0.99124513,0.96304095
0.9935121,2019-10-17,1.64378027,0.99712751,0.9877442
0.98590815,2019-10-18,1.09942508,0.99410234,0.98136789
0.99905509,2019-10-19,1.57900228,0.9995917,0.99413368
0.99991675,2019-10-20,1.91972516,1.00013498,0.99595285
0.98863657,2019-10-21,0.87941359,0.99418173,0.9988981
0.99532875,2019-10-22,1.21613971,0.99815856,0.99320937
0.95515852,2019-10-23,1.32522522,0.98149833,0.95236317
0.94928724,2019-10-24,1.07007323,0.97180855,0.94755971
1.01903883,2019-10-25,1.39682143,1.00778681,1.00776
1.06538183,2019-10-26,1.34396806,1.03465502,1.06187274
1.03072664,2019-10-27,1.41555447,1.01339329,1.02509231
1.05121553,2019-10-28,1.69973892,1.01387418,1.03008411
1.0282881,2019-10-29,1.78617254,1.0090181,1.01271461
1.00563098,2019-10-30,1.43538501,1.00090475,0.99941221
1.00630673,2019-10-31,1.28668659,1.00220492,1.00253423
1.02942841,2019-11-01,1.41208284,1.01253277,0.99689477
1.010444,2019-11-02,2.17685669,1.00398932,1.00281661
0.99867877,2019-11-03,1.358802,0.99946178,0.99542234
1.0087991,2019-11-04,1.60689891,1.00430022,1.0040777
0.93754823,2019-11-05,1.03420918,0.9675212,0.93328329
1.00183724,2019-11-06,1.09593816,1.00062801,0.99613341
1.0077212,2019-11-07,2.30185787,1.00238717,0.99564781
0.98840828,2019-11-08,1.48015798,0.9951907,0.98484581
0.99275149,2019-11-09,1.48677067,0.99747447,0.99078291
1.00401668,2019-11-10,1.42762413,1.0017974,1.00145486
0.99796284,2019-11-11,1.68733409,0.99894732,0.98802784
0.99099748,2019-11-12,1.09216699,0.99647843,0.98944585
1.05769959,2019-11-13,2.66453864,1.0184449,0.99347473
0.99233666,2019-11-14,1.39434898,0.99724554,0.98820827
0.99498958,2019-11-15,1.4000256,0.99807012,0.98838772
0.99206898,2019-11-16,1.26051232,0.99662303,0.99070931
0.99879531,2019-11-17,1.21586047,0.99958733,0.99689217
0.98450893,2019-11-18,1.09506577,0.99485875,0.97932003
0.98516037,2019-11-19,1.30750658,0.99332933,0.97795677
0.98089312,2019-11-20,1.36120041,0.99108209,0.97755221
0.96397585,2019-11-21,0.98057417,0.98903188,0.96353026
0.94317067,2019-11-22,1.07723783,0.97588021,0.92937575
0.95772971,2019-11-23,0.76673388,0.98002915,0.96731911
1.00138515,2019-11-24,3.58782798,1.00035432,0.97190836
0.96220334,2019-11-25,1.04674964,0.98386858,0.95911639
0.96666808,2019-11-26,1.13113768,0.98503064,0.96267969
0.9627674,2019-11-27,1.86059999,0.9832267,0.95449493
0.99671204,2019-11-28,0.93815576,0.99861468,0.99787287
0.99124159,2019-11-29,1.13754803,0.9967558,0.9895301
0.97749791,2019-11-30,1.16057771,0.99039942,0.97193914
0.97899726,2019-12-01,1.12107035,0.99084348,0.97677614
0.97105783,2019-12-02,1.03797182,0.98746305,0.96975613
0.97096745,2019-12-03,1.19106355,0.98709597,0.96703329
0.99608418,2019-12-04,0.96445103,0.9988963,0.99758327
0.97761166,2019-12-05,1.08021351,0.99132482,0.97605408
0.97710499,2019-12-06,1.12856368,0.99508685,0.97552095
1.00228575,2019-12-07,1.12631981,1.0008559,1.00116705
0.99530634,2019-12-08,1.16268365,0.99863849,0.99259099
0.99255319,2019-12-09,1.06187898,0.99753269,0.99147176
0.98143877,2019-12-10,1.01786174,0.99394395,0.98105406
0.9771044,2019-12-11,0.77997545,0.99291625,0.98535085
0.98208242,2019-12-12,1.04098972,0.99080151,0.98115886
0.99438186,2019-12-13,1.01274299,0.99745458,0.99393437
0.97871162,2019-12-14,0.91484035,0.99330329,0.9814066
0.99448844,2019-12-15,1.32426302,0.99837618,0.98777751
0.97459043,2019-12-16,0.9081863,0.98824744,0.97628168
0.96780367,2019-12-17,1.22108591,0.99114813,0.96301993
0.94616085,2019-12-18,1.2054109,0.97811249,0.94327129
1.00287963,2019-12-19,1.29631641,1.0010513,0.99374183
1.00329923,2019-12-20,1.17488709,1.00146164,0.9850037
0.99441812,2019-12-21,1.17114652,0.99783233,0.99199235
0.99681018,2019-12-22,0.97051767,0.99977464,0.99731103
1.00692885,2019-12-23,0.89119451,1.00285854,1.00993255
1.00089244,2019-12-24,1.31371724,1.00026136,0.98858604
0.92396891,2019-12-25,0.96024759,0.95992873,0.92331802
0.99194325,2019-12-26,1.09833885,0.99611523,0.98478005
0.98624088,2019-12-27,0.85093048,0.99351653,0.99154204
0.99787232,2019-12-28,1.06274124,0.99917556,0.99634998
1.00373314,2019-12-29,1.21415786,1.0015636,1.0005026
0.96398907,2019-12-30,1.11085601,0.98168789,0.96174579
0.98508401,2019-12-31,1.04419264,0.99352126,0.98396771
0.99610512,2020-01-01,1.11533811,0.99844725,0.99406307
0.99398806,2020-01-02,1.26252228,0.99696844,0.98396218
1.00245437,2020-01-03,0.98743407,1.00145375,1.00264981
0.98881144,2020-01-04,1.08840068,0.99605519,0.98668907
1.00392222,2020-01-05,1.00422442,1.00136913,1.00391551
1.00812286,2020-01-06,0.94445801,1.00327627,1.00959452
1.01925138,2020-01-07,0.91725381,1.0090237,1.02309118
1.02894581,2020-01-08,1.10678496,1.01140109,1.02714333
1.01559018,2020-01-09,1.21602093,1.00546872,1.01164686
1.00410421,2020-01-10,1.00635108,1.00197186,1.00406379
1.01254815,2020-01-11,1.07605119,1.00403928,1.01156514
1.01189671,2020-01-12,1.01054589,1.00500104,1.01193424
1.01420388,2020-01-13,1.31663293,1.00608202,1.00887508
1.04496689,2020-01-14,0.82908672,1.02350308,1.07228948
1.03519626,2020-01-15,1.17196084,1.01249225,1.03026565
1.01942799,2020-01-16,1.31281205,1.01110811,1.01187391
1.02296784,2020-01-17,1.1719571,1.01059058,1.0215271
1.01888555,2020-01-18,1.06840464,1.00765806,1.01758855
1.0021052,2020-01-19,1.53795875,1.00093898,0.9976562
0.99749438,2020-01-20,1.0504166,0.99886478,0.9966907
1.00936231,2020-01-21,1.13128331,1.00401407,1.0065154
1.00431111,2020-01-22,0.96887369,1.00208039,1.00510454
1.0034407,2020-01-23,1.24262644,1.0012192,0.99497837
1.01522606,2020-01-24,1.89337438,1.00663302,1.00037784
1.00527156,2020-01-25,1.47197683,1.00198767,0.99584162
1.00927827,2020-01-26,1.38745791,1.00382907,1.00371746
1.02214321,2020-01-27,1.20187696,1.00473886,1.01868842
1.02790572,2020-01-28,1.12369556,1.00946588,1.02591528
1.06956172,2020-01-29,1.55429868,1.02709968,1.03142645
1.04082808,2020-01-30,1.07536955,1.01152415,1.04001509
1.04360223,2020-01-31,1.23371633,1.01745778,1.0376694
1.01833996,2020-02-01,1.07244744,1.00540657,1.01709022
0.99928292,2020-02-02,0.83279738,0.99981922,1.01495069
1.01064263,2020-02-03,1.04339832,1.00447361,1.00546343
1.01012433,2020-02-04,1.09174885,1.00447895,1.00734496
1.0271331,2020-02-05,1.13451301,1.01047226,1.02429417
1.05137499,2020-02-06,1.00724507,1.01868622,1.0562022
1.08997824,2020-02-07,1.5233312,1.02521725,1.02072885
1.03294503,2020-02-08,1.13750506,1.01560458,1.02996238
1.04487937,2020-02-09,1.32199726,1.01862308,1.03244938
1.06793748,2020-02-10,2.69490387,1.02797916,1.02405442
1.03320179,2020-02-11,1.24583708,1.01569946,1.02853197
1.03564635,2020-02-12,1.23325664,1.01299615,1.03094664
1.03162049,2020-02-13,1.45688024,1.01125322,1.02072727
1.02645614,2020-02-14,1.26057323,1.00881848,1.02047733
1.00765769,2020-02-15,1.02667029,1.00218507,1.00687152
1.01122442,2020-02-16,1.24864339,1.00339104,1.00824137
0.99993168,2020-02-17,1.3312623,0.99985502,0.99565392
1.02174934,2020-02-18,1.24081916,1.01177309,1.01859801
1.02887754,2020-02-19,1.41743068,1.00832431,1.01539095
0.99092805,2020-02-20,0.98663638,0.99600529,0.99130459
1.01099744,2020-02-21,1.06852637,1.00405905,1.00936578
1.0079498,2020-02-22,1.39754457,1.00292626,1.00339533
1.027734,2020-02-23,1.40310692,1.00923104,1.02222698
1.00851867,2020-02-24,1.21498832,1.00340742,1.00509834
1.03767509,2020-02-25,1.3847887,1.01711012,1.0280513
0.97649456,2020-02-26,1.15882066,0.99011864,0.97118482
0.96836768,2020-02-27,1.15465804,0.98790281,0.96488004
0.99160722,2020-02-28,1.27013172,0.99643698,0.9842819
0.99048457,2020-02-29,0.95480373,0.99627889,0.99258619
0.98073498,2020-03-01,1.11508295,0.99279129,0.9765108
1.01173248,2020-03-02,1.67866113,1.00504796,0.99151325
1.01296878,2020-03-03,1.38737547,1.00551891,0.98942182
0.96107592,2020-03-04,0.97322818,0.98075013,0.9608672
1.00690034,2020-03-05,0.91484191,1.00330145,1.01289508
1.01010812,2020-03-06,1.28920011,1.0037691,1.00479326
1.00257215,2020-03-07,1.14336607,1.00059487,1.00023381
0.98114924,2020-03-08,1.21638678,0.99264841,0.97495193
0.94312327,2020-03-09,0.92230632,0.97725885,0.94416017
0.96786788,2020-03-10,1.03430411,0.98623571,0.96617999
0.95389118,2020-03-11,0.87822691,0.98039166,0.95809015
0.8329937,2020-03-12,0.73595624,0.91370689,0.84142573
0.83196949,2020-03-13,0.56635344,0.90931284,0.85013
0.92656357,2020-03-14,0.68930344,0.96100791,0.93993791
0.93889246,2020-03-15,0.71987797,0.96743254,0.9472773
0.88723549,2020-03-16,0.67141738,0.94211934,0.89725538
0.93572633,2020-03-17,0.71495383,0.96939004,0.95150075
0.96896376,2020-03-18,0.74463036,0.98365492,0.97336188
0.99487745,2020-03-19,0.62558924,0.99911745,1.00941925
0.98680415,2020-03-20,0.82857939,0.99357202,0.99005011
0.9832016,2020-03-21,0.77327261,0.99267776,0.98709208
1.01490244,2020-03-22,0.9773478,1.0041676,1.01591294
0.98478091,2020-03-23,0.7626894,0.99385968,0.99719525
1.03317442,2020-03-24,0.75439864,1.01357413,1.0397764
0.9853615,2020-03-25,0.83525962,0.99195974,0.99821005
1.00599031,2020-03-26,1.23454798,1.00254537,0.99802741
0.99784386,2020-03-27,1.10423314,0.99888136,0.99608949
0.95974045,2020-03-28,0.77181874,0.98431517,0.96415962
0.94747143,2020-03-29,0.66656953,0.97929231,0.96925436
0.97935278,2020-03-30,0.74269471,0.99187992,0.98912606
0.98842922,2020-03-31,0.80617149,0.99478519,0.99085222
0.87810204,2020-04-01,0.79041952,0.93914375,0.8791336
1.01044803,2020-04-02,0.81384197,1.00445893,1.0170633
1.0056439,2020-04-03,0.84818831,1.00208601,1.00839886
0.98714109,2020-04-04,1.02005648,0.99704458,0.9867175
1.00397659,2020-04-05,0.79329747,1.00120288,1.00880088
1.03342863,2020-04-06,0.87603575,1.01480754,1.03799968
1.00680795,2020-04-07,0.83628035,1.00254643,1.01721147
1.0186322,2020-04-08,0.93509302,1.0085199,1.02009598
1.0078281,2020-04-09,0.8760387,1.00306806,1.01380381
0.89891864,2020-04-10,0.80396246,0.95273481,0.90067241
0.98684882,2020-04-11,0.79954703,0.99561534,0.99083166
1.00099424,2020-04-12,1.1118679,1.00049653,0.99954766
0.98036728,2020-04-13,0.86336734,0.99012376,0.98161082
0.9985756,2020-04-14,0.86169988,0.999467,1.00050129
0.98828508,2020-04-15,0.87516276,0.99489152,0.99037165
0.99585693,2020-04-16,0.88594558,0.99856226,0.99841249
1.00401758,2020-04-17,0.90078889,1.0015738,1.00740844
1.00979341,2020-04-18,1.00517978,1.00411398,1.00987258
0.99998977,2020-04-19,0.9598906,0.9998952,1.00131917
0.98728696,2020-04-20,0.73836258,0.99409738,0.99352929
0.98207501,2020-04-21,0.8283562,0.99199347,0.98662199
1.00387064,2020-04-22,0.77824412,1.00190555,1.00982085
1.02410119,2020-04-23,0.92061243,1.01187303,1.0277321
1.01736712,2020-04-24,0.8758957,1.00672772,1.01932062
1.0133677,2020-04-25,1.02020969,1.00471721,1.01324476
1.01074986,2020-04-26,1.34980601,1.00466972,1.00575283
1.0499195,2020-04-27,1.18969045,1.02410558,1.04832779
1.00971511,2020-04-28,1.00143429,1.00382193,1.0098928
1.07678596,2020-04-29,1.02002998,1.03622512,1.07878591
1.07590622,2020-04-30,1.0567789,1.02355023,1.07641898
1.03515836,2020-05-01,1.03506051,1.01551515,1.03515978
1.03596573,2020-05-02,1.07181962,1.01556495,1.03536259
1.05217047,2020-05-03,1.09532235,1.02463234,1.05119334
1.02172941,2020-05-04,0.96277042,1.00874226,1.02289662
1.01495032,2020-05-05,1.09009454,1.00597778,1.01338643
1.05935297,2020-05-06,1.2318955,1.02536856,1.04983665
1.08307664,2020-05-07,1.32394972,1.04105096,1.0634272
1.06083271,2020-05-08,1.15766174,1.02573731,1.05665717
1.02049856,2020-05-09,1.22970337,1.00794611,1.01516424
0.97266809,2020-05-10,1.13317137,0.9888571,0.96797725
0.98552157,2020-05-11,1.45098863,0.99281849,0.97236427
0.98809517,2020-05-12,1.13937521,0.99500927,0.98642359
1.02408967,2020-05-13,1.16718152,1.01156406,1.02274959
1.042449,2020-05-14,1.13586048,1.0152948,1.04020941
1.02011051,2020-05-15,0.9454541,1.00835391,1.02296954
1.01318956,2020-05-16,1.6361031,1.00571988,1.00600353
1.02642376,2020-05-17,1.31651989,1.01085147,1.0216665
1.04428949,2020-05-18,1.36125018,1.01865754,1.03970756
1.02549541,2020-05-19,1.2335438,1.01017395,1.02326545
1.02405503,2020-05-20,1.09610254,1.00881586,1.02236434
0.99177742,2020-05-21,1.03732223,0.9961137,0.99068181
0.99763693,2020-05-22,1.11796048,0.99909496,0.99546471
1.0113694,2020-05-23,1.18094183,1.00468392,1.00441867
1.00856099,2020-05-24,1.10214876,1.00312291,1.00699261
0.97236993,2020-05-25,1.14601857,0.98794736,0.97114925
0.99542849,2020-05-26,1.38281021,0.99835484,0.99078922
1.01656901,2020-05-27,1.22684744,1.00583602,1.01423665
1.02075125,2020-05-28,1.04857716,1.00887288,1.01983289
1.00852728,2020-05-29,0.87390345,1.00389398,1.01376537
1.01370645,2020-05-30,1.07538851,1.00517976,1.01212546
1.01420768,2020-05-31,0.95291749,1.00470071,1.01672865
1.03054109,2020-06-01,1.12342655,1.01240572,1.01831036
1.03393691,2020-06-02,1.21673561,1.01212594,1.02969992
1.00994956,2020-06-03,1.49329216,1.00410822,1.00433412
1.01532822,2020-06-04,1.1120071,1.00618655,1.0128605
1.01078091,2020-06-05,1.19088473,1.00433913,1.00866771
1.01718918,2020-06-06,1.51663942,1.0060969,1.00406315
1.01158705,2020-06-07,1.67743867,1.00449729,1.00189258
1.05182437,2020-06-08,1.97361355,1.01865076,1.0125697
1.01605602,2020-06-09,1.38892775,1.00671391,1.01040016
1.01533317,2020-06-10,1.24264043,1.00479157,1.00965296
1.00211945,2020-06-11,1.31219391,1.00056751,0.99798342
1.00266107,2020-06-12,1.11438716,1.00124754,1.001006
1.00689615,2020-06-13,1.25459993,1.00219694,0.9994118
1.01183606,2020-06-14,1.22898504,1.0035358,1.00193324
0.99024431,2020-06-15,1.19823937,0.99587329,0.98672148
1.01854636,2020-06-16,1.36471122,1.00570569,1.01386506
1.00472894,2020-06-17,1.2246665,1.00190894,1.00202255
1.07918487,2020-06-18,1.36865742,1.03860967,1.07456173
0.99997157,2020-06-19,1.25439631,0.99998046,0.9977605
1.00834199,2020-06-20,1.34325317,1.00289588,1.00073935
1.01984157,2020-06-21,1.42056657,1.00607886,1.0057826
1.01983591,2020-06-22,1.28083846,1.00728797,1.01363961
1.0182491,2020-06-23,1.29812935,1.00572662,1.01209724
0.99298879,2020-06-24,0.98373653,0.99749578,0.99356694
0.99434123,2020-06-25,1.11299312,0.99783433,0.99308405
1.07226386,2020-06-26,1.48526843,1.02890027,1.06812437
1.00069165,2020-06-27,1.22046885,1.00015868,0.99408607
0.99637069,2020-06-28,1.24872574,0.99887955,0.99055543
1.00405461,2020-06-29,1.26719621,1.00147028,0.99642544
1.01663821,2020-06-30,1.11873623,1.00550934,1.0139285
1.00720036,2020-07-01,1.15487696,1.00239993,1.0041813
0.99949975,2020-07-02,1.16828589,0.99986548,0.99713419
1.00187506,2020-07-03,1.21188511,1.00067525,0.99959958
1.00310914,2020-07-04,1.13879779,1.00105642,1.00058485
0.99873952,2020-07-05,1.18538362,0.99957698,0.99692148
1.01157342,2020-07-06,1.17604024,1.00373501,1.00792457
1.00824924,2020-07-07,1.20711027,1.00285981,1.00320686
1.04196396,2020-07-08,1.778786,1.01410252,1.01001496
1.01073587,2020-07-09,1.26377849,1.00374073,1.00647479
0.99841064,2020-07-10,1.17249237,0.99944967,0.9964855
1.00490103,2020-07-11,1.28791517,1.00148295,1.00155292
1.00615567,2020-07-12,1.28527474,1.00153841,1.00012195
1.00246382,2020-07-13,0.9533196,1.00070858,1.00400904
1.01735566,2020-07-14,1.5224727,1.00723946,0.99893899
1.01395814,2020-07-15,1.52101622,1.00637017,1.00134654
0.99899942,2020-07-16,1.1465974,0.99958897,0.99713132
1.00005058,2020-07-17,1.01509755,1.00004346,0.99972561
1.0033515,2020-07-18,1.157671,1.00126563,1.00072406
1.01126987,2020-07-19,1.46382915,1.00345923,1.00085916
1.0026755,2020-07-20,1.17260721,1.00085221,1.00064703
1.00912215,2020-07-21,0.98901225,1.00391245,1.0099275
1.01615592,2020-07-22,1.26994501,1.00667258,1.0062422
1.02017078,2020-07-23,1.2835629,1.00855083,1.0137363
1.01490208,2020-07-24,1.25333864,1.00553888,1.01032586
1.01934641,2020-07-25,1.25926987,1.00666515,1.01500212
1.02856912,2020-07-26,1.24982791,1.0107006,1.02340637
1.06549403,2020-07-27,1.33287917,1.02849535,1.05832156
1.07038062,2020-07-28,1.42210368,1.02902057,1.04701682
1.04424463,2020-07-29,1.42457708,1.01758151,1.03656546
1.03428227,2020-07-30,1.3559545,1.01489695,1.02354948
1.04292461,2020-07-31,1.83805221,1.01757895,1.02680823
1.04697217,2020-08-01,1.32079003,1.0175517,1.03853935
1.03362635,2020-08-02,1.4383033,1.01095116,1.01767268
1.06903339,2020-08-03,1.54300491,1.03086188,1.06138464
1.02190334,2020-08-04,1.23621091,1.00883901,1.01702153
1.05614301,2020-08-05,1.33260156,1.02331988,1.04153815
1.08440872,2020-08-06,1.51138914,1.03468075,1.07362266
1.06678269,2020-08-07,1.33046235,1.0282739,1.05295197
1.05350189,2020-08-08,1.49186348,1.02350643,1.04724975
1.04931974,2020-08-09,1.3585434,1.01699234,1.03515594
1.0345396,2020-08-10,1.45288286,1.01379036,1.02891291
1.03891253,2020-08-11,1.40274616,1.01651034,1.01345641
1.02544664,2020-08-12,1.15062639,1.01023086,1.01974546
1.02847971,2020-08-13,1.33872853,1.01150268,1.02191361
1.03844428,2020-08-14,1.52327623,1.01162537,1.02448122
1.02607929,2020-08-15,1.52150506,1.00562616,1.01561031
1.02896727,2020-08-16,1.47098024,1.00376302,1.01740972
1.06752924,2020-08-17,1.85905027,1.01028273,1.03487132
1.02709129,2020-08-18,1.60361713,1.00582082,1.02145878
1.00990119,2020-08-19,1.41388398,1.00208589,1.00352392
1.02226681,2020-08-20,1.3488839,1.00487849,1.01214711
1.03455228,2020-08-21,1.69110966,1.00834636,1.00933206
1.01004917,2020-08-22,1.38186424,1.0017377,1.00462619
1.01499351,2020-08-23,1.51718536,1.00211572,1.00533053
1.0315416,2020-08-24,1.60720975,1.00540855,1.02164551
1.01503336,2020-08-25,1.50041116,1.00312402,1.00147592
1.01306304,2020-08-26,1.16136864,1.0026116,1.00531407
1.01130393,2020-08-27,1.52728066,1.00211763,1.00445386
1.02841434,2020-08-28,1.32649627,1.00478332,1.01262813
1.00535997,2020-08-29,1.30671141,1.00095563,1.00157586
1.02659387,2020-08-30,1.39887072,1.00368342,1.01940984
1.03288257,2020-08-31,1.40252686,1.00525424,1.01505947
1.05130873,2020-09-01,1.77430242,1.00767315,1.03131198
1.00975411,2020-09-02,1.56995951,1.00167,0.99636415
1.00318509,2020-09-03,1.26579502,0.99971615,0.99846628
0.98977718,2020-09-04,1.36982208,0.99768855,0.97922721
0.98492018,2020-09-05,1.16763849,0.99758207,0.98005536
0.99533385,2020-09-06,1.25806924,0.99932064,0.98792506
0.98380783,2020-09-07,1.52079445,0.997756,0.97543534
0.99309473,2020-09-08,1.37636197,0.99873512,0.98740685
0.99417976,2020-09-09,1.1290473,0.99937197,0.98973259
1.00250141,2020-09-10,1.11809701,1.00031062,0.99912584
0.99496713,2020-09-11,1.29230285,0.99936961,0.98510297
0.99583389,2020-09-12,1.1317563,0.99958486,0.99281033
1.00453584,2020-09-13,1.32598248,1.00023236,0.99671811
1.0066503,2020-09-14,1.37772003,1.00135879,1.0025173
1.01734699,2020-09-15,1.57782305,1.00309748,1.00171092
1.02758529,2020-09-16,1.34679704,1.00418661,1.01054955
1.01622789,2020-09-17,1.2779789,1.0012985,1.00692509
1.01877679,2020-09-18,1.35543458,1.00210491,1.00610794
1.03103469,2020-09-19,1.35065831,1.00326353,1.01282641
1.01182542,2020-09-20,1.29213479,1.00129439,1.00191546
0.99473239,2020-09-21,1.3031974,0.99905407,0.98952779
1.01618797,2020-09-22,1.62174121,1.00312559,0.99259337
0.99712414,2020-09-23,1.384275,0.999233,0.99125945
0.99362865,2020-09-24,1.61228832,0.99891457,0.98527221
1.01505375,2020-09-25,1.43373519,1.0024898,1.00340798
1.01507563,2020-09-26,1.46779247,1.00152351,1.00377825
1.00613226,2020-09-27,1.26900968,1.00085914,0.99893414
1.01185664,2020-09-28,1.34735789,1.00241194,1.00728874
1.027286,2020-09-29,1.60149401,1.00559925,1.0035552
1.0044213,2020-09-30,1.23255514,1.0011322,0.99692418
1.00161783,2020-10-01,1.32460321,1.00055697,0.99833134
1.00117777,2020-10-02,1.62656024,1.00038709,0.99247297
1.00207107,2020-10-03,1.34859787,1.00034343,0.99876738
1.00377879,2020-10-04,1.48265145,1.00096462,1.00013304
1.00752556,2020-10-05,1.38430528,1.00231346,1.00413577
1.00612649,2020-10-06,1.52461027,1.00108715,1.000384
1.0080235,2020-10-07,1.74467635,1.00223855,0.99907105
1.01104366,2020-10-08,1.39209661,1.00361444,1.00336268
1.02250488,2020-10-09,1.39023509,1.00456634,1.016475
1.01477489,2020-10-10,1.60431373,1.00402564,1.01119585
1.01211998,2020-10-11,1.77769607,1.00208651,1.00605899
1.02375795,2020-10-12,1.53088171,1.00527159,1.01469967
1.01481294,2020-10-13,1.58618236,1.00356872,1.01186709
1.01967586,2020-10-14,1.51340358,1.00388499,1.00753227
1.01830899,2020-10-15,1.47460535,1.00383358,1.00931699
1.00753856,2020-10-16,1.52592054,1.0016971,1.00404514
1.00752472,2020-10-17,1.70042239,1.00099179,1.00286987
1.01019581,2020-10-18,1.58728208,1.00153485,1.0050848
1.04843173,2020-10-19,1.59228072,1.00823747,1.01470202
1.03204088,2020-10-20,1.56149034,1.00438191,1.02431102
1.05648892,2020-10-21,1.61931712,1.00884492,1.04808512
1.09845746,2020-10-22,1.48992762,1.01343387,1.05629987
1.06914233,2020-10-23,1.41472552,1.0171468,1.02225566
1.03386157,2020-10-24,1.69152138,1.00989645,1.02744387
1.02849037,2020-10-25,1.74369869,1.00618973,1.01644711
1.01914611,2020-10-26,2.05544938,1.00358652,1.0124598
1.0483016,2020-10-27,1.69886703,1.01122502,1.03086102
1.03692124,2020-10-28,1.74517739,1.00794174,1.02141905
1.03371209,2020-10-29,1.5588326,1.00821136,1.02244972
1.02381817,2020-10-30,1.66534224,1.0052113,1.0130772
1.03459145,2020-10-31,1.75681587,1.0088729,1.02299706
1.04283039,2020-11-01,1.8623513,1.00823216,1.02591525
1.04807005,2020-11-02,1.73247809,1.00940093,1.01074495
1.20670346,2020-11-03,2.71820702,1.04165205,1.02548883
1.04038674,2020-11-04,1.69727519,1.01295238,1.02945358
1.07109241,2020-11-05,1.66690313,1.02062479,1.03926962
1.0719994,2020-11-06,2.0747475,1.01406863,1.05440808
1.02400191,2020-11-07,2.20400032,1.00742554,1.01163377
1.07401372,2020-11-08,2.10261475,1.02222725,1.0596597
1.04244645,2020-11-09,2.14728515,1.01045342,1.02124452
1.03841702,2020-11-10,2.26108232,1.00915041,1.02247894
1.05441455,2020-11-11,2.2372185,1.01099959,1.03416351
1.05287691,2020-11-12,2.45967941,1.0159403,1.03140219
1.04896197,2020-11-13,2.28883654,1.01688526,1.02663182
1.04090213,2020-11-14,2.13994028,1.00714254,1.01691218
1.03009372,2020-11-15,2.04774771,1.00539376,1.01315286
1.0590679,2020-11-16,2.19571554,1.00635641,1.03712579
1.0920655,2020-11-17,2.1455496,1.0159327,1.06397169
1.1353257,2020-11-18,2.04720971,1.02610561,1.10651112
1.0642281,2020-11-19,2.61681531,1.00995659,1.03390173
1.13472495,2020-11-20,2.03786511,1.03018393,1.07383849
1.09744313,2020-11-21,2.08953659,1.01820161,1.04389333
1.05539816,2020-11-22,2.37460258,1.00741017,1.0255376
1.06020261,2020-11-23,2.56031898,1.01079886,1.04145108
1.09939475,2020-11-24,2.41684956,1.02275278,1.05379407
1.05248816,2020-11-25,2.72634158,1.01136168,1.03265656
1.0384637,2020-11-26,1.76383655,1.00907722,0.99810863
1.02963656,2020-11-27,2.07888474,1.0092875,1.00905036
1.02619833,2020-11-28,2.60140251,1.00781555,1.01532254
1.03761134,2020-11-29,2.28381339,1.01067333,1.02114782
1.08762286,2020-11-30,2.74171342,1.02254339,1.05455356
1.06571872,2020-12-01,2.61083555,1.01936643,1.04042609
1.07340013,2020-12-02,2.57875302,1.02161887,1.04152733
1.06084895,2020-12-03,2.45098293,1.01953825,1.01981117
1.04034513,2020-12-04,2.85317647,1.01230605,1.01833335
1.02769667,2020-12-05,2.98266005,1.00561838,1.01179226
1.02966057,2020-12-06,2.93725838,1.00718338,1.01070367
1.04311209,2020-12-07,2.34349945,1.01244239,1.01688241
1.03661102,2020-12-08,2.72951622,1.01177473,1.01193258
1.03255976,2020-12-09,2.41089521,1.00738142,1.00923164
1.04899377,2020-12-10,2.08765913,1.01455193,1.0072089
1.02629629,2020-12-11,1.71537332,1.00869445,0.99590223
1.04362921,2020-12-12,2.41304531,1.01476842,1.01097371
1.13823192,2020-12-13,2.24690454,1.03651856,1.03639659
1.04194782,2020-12-14,2.33644763,1.00918616,1.02037027
1.05513176,2020-12-15,2.82378398,1.01187041,1.02656576
1.09815385,2020-12-16,2.45729306,1.02285091,1.04695558
1.15951042,2020-12-17,2.60513506,1.04405486,1.11697646
1.16071565,2020-12-18,2.72598116,1.0468047,1.12797311
1.0928662,2020-12-19,2.78495635,1.01998345,1.05354047
1.1031883,2020-12-20,2.22077811,1.02900063,1.04241442
1.06627021,2020-12-21,2.35175539,1.0181103,1.03573858
1.11754215,2020-12-22,2.73345625,1.03616663,1.03566772
1.1258471,2020-12-23,2.88118411,1.03408736,1.03866208
1.11579314,2020-12-24,2.86261379,1.02901706,1.07570469
1.05653197,2020-12-25,3.33623486,1.00822276,1.03593781
1.11713978,2020-12-26,3.44261645,1.01894357,1.08169086
1.16090012,2020-12-27,3.7966902,1.02832204,1.11188273
1.30799991,2020-12-28,3.24117292,1.07535018,1.07419111
1.18011094,2020-12-29,3.47121254,1.05289145,1.1425503
1.11253658,2020-12-30,3.41133163,1.03742144,1.08946147
1.08040807,2020-12-31,3.87492429,1.02456256,1.04898328
1.13783811,2021-01-01,4.04799237,1.04198131,1.09385229
1.20386414,2021-01-02,4.51968848,1.04639026,1.07793307
1.26464915,2021-01-03,4.45111895,1.04415007,1.17717244
1.15587059,2021-01-04,5.30179025,1.04589231,1.0910302
1.17906091,2021-01-05,4.03918817,1.03855678,1.12986461
1.1876384,2021-01-06,4.8089154,1.04491132,1.15063587
1.25833135,2021-01-07,4.71605422,1.05609994,1.19352966
1.2299116,2021-01-08,4.87048432,1.05317458,1.16552922
1.23172893,2021-01-09,5.22836689,1.04590689,1.15233628
1.16024531,2021-01-10,5.32189908,1.0248305,1.09328829
1.06601026,2021-01-11,3.97964032,1.01287332,1.01296855
1.07737291,2021-01-12,4.47487949,1.01777415,1.04955207
1.0698265,2021-01-13,4.55396948,1.01832829,1.04662614
1.11234057,2021-01-14,5.00034697,1.03084801,1.08027881
1.0706211,2021-01-15,4.34100288,1.01895403,1.02173077
1.07612838,2021-01-16,4.64215091,1.01227654,1.03225148
1.0456636,2021-01-17,4.30763106,1.01018312,1.01298249
1.08592214,2021-01-18,5.29906503,1.01883472,1.03974933
1.05678525,2021-01-19,4.38631147,1.01317268,1.03627225
1.02288849,2021-01-20,4.7846129,1.00548166,1.0060164
1.01062308,2021-01-21,3.91317984,1.00149074,0.98765643
1.00732546,2021-01-22,4.3049823,1.00229555,0.98708404
1.03020628,2021-01-23,3.75625473,1.00561806,1.01380607
1.02005558,2021-01-24,4.01755037,1.0036223,1.00263152
1.03779887,2021-01-25,4.54674349,1.00634279,1.02080084
1.01125885,2021-01-26,4.43783057,1.00271924,0.99615992
1.07541754,2021-01-27,4.11562593,1.01987074,0.99464196
1.05290487,2021-01-28,3.59282496,1.01317006,1.02740957
1.09440921,2021-01-29,4.36203624,1.0238938,1.06148632
1.04212068,2021-01-30,4.49023089,1.00806492,1.01508879
1.06801844,2021-01-31,4.86524519,1.00976382,1.00480708
1.02648569,2021-02-01,4.34440587,1.00669317,1.01475262
1.06364382,2021-02-02,3.90849263,1.01480468,1.04661313
1.05641608,2021-02-03,4.6592976,1.01308944,1.03658091
1.07844657,2021-02-04,4.37887508,1.01850722,1.05035963
1.09844863,2021-02-05,5.13547645,1.02616484,1.06603511
1.08489466,2021-02-06,4.81767805,1.01462542,1.06166013
1.07390143,2021-02-07,8.98740114,1.01299632,1.03756125
1.1117644,2021-02-08,5.37408982,1.02869131,1.08211356
1.19558279,2021-02-09,5.65109999,1.03381275,1.16053121
1.11218136,2021-02-10,5.0473957,1.02824187,1.07787075
1.11866384,2021-02-11,5.98161635,1.02071816,1.08876721
1.10382654,2021-02-12,5.70988167,1.02304934,1.0769723
1.08105392,2021-02-13,5.83619266,1.01459213,1.06079441
1.07907317,2021-02-14,6.34288288,1.01069297,1.04476711
1.12266836,2021-02-15,6.94938314,1.02472257,1.10622339
1.06606735,2021-02-16,6.72423138,1.01357718,1.04027483
1.11480125,2021-02-17,6.06842284,1.02688537,1.08281864
1.13428645,2021-02-18,6.80782506,1.02775504,1.08909378
1.14262763,2021-02-19,6.1897569,1.04068381,1.10479644
1.17650589,2021-02-20,6.9143291,1.03081094,1.12165589
1.11791104,2021-02-21,7.98895085,1.02307761,1.07724405
1.08239381,2021-02-22,6.44458284,1.01868545,1.03936248
1.09029775,2021-02-23,6.41596274,1.02505532,1.03878498
1.08703989,2021-02-24,7.79607311,1.02202137,1.03644297
1.0775853,2021-02-25,7.00252778,1.01563653,1.03789817
1.10815615,2021-02-26,5.77160638,1.02374021,1.07203067
0.98873005,2021-02-27,6.38412221,0.99700299,0.96746719
1.02011443,2021-02-28,6.46013659,1.00334037,0.99889364
1.05762614,2021-03-01,5.85496503,1.0152883,1.04332185
1.06826277,2021-03-02,6.76254161,1.01547393,1.01905862
1.05296151,2021-03-03,6.13027074,1.01224853,1.03730468
1.03482213,2021-03-04,6.3899779,1.0111978,1.01801936
1.03737929,2021-03-05,7.28686945,1.00975467,1.00419113
1.03695719,2021-03-06,6.10106028,1.00663404,1.00975108
1.05024468,2021-03-07,6.05427302,1.00581073,1.03085742
1.07712624,2021-03-08,8.21103115,1.01587901,1.02613722
1.07897945,2021-03-09,6.32525774,1.0167414,1.05461652
1.08500542,2021-03-10,6.64768186,1.02071326,1.06209546
1.14760855,2021-03-11,12.73675254,1.03427078,1.09579134
1.10310147,2021-03-12,7.3548975,1.03149577,1.07282511
1.07858321,2021-03-13,8.06078321,1.02669711,1.05929259
1.10717945,2021-03-14,5.3166133,1.02340454,1.04988362
1.03718941,2021-03-15,7.42521902,1.01451564,1.01971855
1.07167356,2021-03-16,7.81047028,1.02338818,1.05397107
1.07515899,2021-03-17,9.1970043,1.0193716,1.0356412
1.04778468,2021-03-18,7.29157155,1.01431396,1.03234646
1.04298025,2021-03-19,7.50141404,1.01241057,1.02703132
1.05793223,2021-03-20,5.89183457,1.01496872,1.02362345
1.04524347,2021-03-21,7.05696121,1.01205593,1.02618486
1.05857595,2021-03-22,6.9970165,1.01664122,1.0149738
1.05844289,2021-03-23,9.0261611,1.01845274,1.02743732
1.05543562,2021-03-24,7.62286413,1.01506727,1.03374502
1.04517652,2021-03-25,7.90115129,1.01389962,1.00292568
1.04057999,2021-03-26,7.05864308,1.01350602,1.01543538
1.09834956,2021-03-27,6.18814876,1.02252672,1.04922139
1.04687708,2021-03-28,6.88357815,1.01227533,1.01678776
1.05872717,2021-03-29,6.81104926,1.01529578,1.0446539
1.06893601,2021-03-30,8.50055719,1.01837342,1.04938705
1.06533397,2021-03-31,8.4826273,1.01997388,1.03376749
1.08285576,2021-04-01,5.84115035,1.02560046,1.02024664
1.05680091,2021-04-02,8.4450425,1.01651511,1.02444544
1.02393479,2021-04-03,7.34140497,1.00495859,1.01018826
1.03037673,2021-04-04,7.41554497,1.00764874,1.00981104
1.03741814,2021-04-05,6.88651522,1.00817235,1.0145773
1.17775195,2021-04-06,6.69080468,1.04645134,1.03957557
1.03235452,2021-04-07,6.72729669,1.007285,1.01267043
1.03444763,2021-04-08,8.11898467,1.01033069,1.02072667
1.02919367,2021-04-09,7.33480208,1.00853739,1.013091
1.04624008,2021-04-10,8.37725853,1.01209452,1.02631776
1.07508296,2021-04-11,9.6398823,1.0154114,1.0130149
1.05603942,2021-04-12,6.68277687,1.01601076,1.01987352
1.07303933,2021-04-13,7.98805181,1.0207199,1.04980203
1.09167901,2021-04-14,13.43026368,1.02576491,1.0453242
1.07547474,2021-04-15,9.88163221,1.01826357,1.02872506
1.03281301,2021-04-16,5.89292211,1.00866217,1.01818738
1.03576019,2021-04-17,6.82187729,1.01340968,1.0111659
1.12468603,2021-04-18,5.22014886,1.04361713,0.98022919
1.00890302,2021-04-19,5.98153032,1.00327778,0.99939809
1.01786951,2021-04-20,8.09864339,1.0063318,0.99828354
1.01127774,2021-04-21,7.32400505,1.0028821,0.99520772
1.03539725,2021-04-22,6.41299892,1.00926371,1.02213438
0.99386697,2021-04-23,6.12198898,0.99828371,0.96734096
1.03195358,2021-04-24,6.23187951,1.00809917,0.99051386
1.0017604,2021-04-25,6.54940982,1.00019016,0.97725463
1.03663009,2021-04-26,6.72143904,1.00966288,1.01399345
1.06938847,2021-04-27,6.86675261,1.01307836,1.01624116
1.02750623,2021-04-28,6.89241681,1.00614015,1.00674341
1.04236798,2021-04-29,5.81722938,1.01102929,1.00523494
1.07627016,2021-04-30,8.75826097,1.01317913,1.02246446
1.05519125,2021-05-01,6.77937289,1.00703102,1.02775097
1.05750092,2021-05-02,6.26677357,1.00618355,1.0106385
1.05707344,2021-05-03,6.70801706,1.00854866,1.02418971
1.02853993,2021-05-04,6.27596825,1.00476409,0.99339613
1.03940394,2021-05-05,6.16653537,1.01018154,1.01333482
1.04758872,2021-05-06,5.72474614,1.01219139,1.01905714
1.10540147,2021-05-07,7.77663046,1.02391018,1.06172912
1.04316822,2021-05-08,7.08543991,1.01050449,1.02963439
1.04122753,2021-05-09,6.59564145,1.01267365,1.01387203
1.0304427,2021-05-10,6.04435172,1.01025075,1.00864469
1.0114124,2021-05-11,5.97320664,1.00470635,0.99675336
1.05671868,2021-05-12,5.14493963,1.01917251,1.02219515
0.99124094,2021-05-13,6.20508488,0.99732307,0.96044844
1.00412187,2021-05-14,5.83456826,1.00082145,0.98915871
1.00438526,2021-05-15,5.91135774,1.00036967,0.98806559
0.9906926,2021-05-16,4.81288665,0.99765133,0.97504746
0.96273612,2021-05-17,4.34259554,0.99170349,0.94759634
0.99053533,2021-05-18,5.51344765,0.99614335,0.97353106
0.92845509,2021-05-19,3.57074488,0.9778186,0.89726704
0.95796519,2021-05-20,3.04213536,0.9875211,0.94309891
0.97353847,2021-05-21,4.46300148,0.99188942,0.95115828
0.96008727,2021-05-22,3.87247355,0.99211773,0.94935971
0.96220278,2021-05-23,3.67281142,0.99193124,0.92617089
1.03612992,2021-05-24,4.24443069,1.00852334,0.99328089
0.97562051,2021-05-25,3.35743779,0.99369703,0.9645352
1.01214982,2021-05-26,2.84855928,1.00317116,0.99093248
0.98641047,2021-05-27,3.77120785,0.99608546,0.98196934
0.97265059,2021-05-28,3.58139223,0.99380578,0.96285921
0.97693379,2021-05-29,3.51412586,0.99419498,0.97109112
1.02243854,2021-05-30,9.79977401,1.00791438,0.98257359
0.99085416,2021-05-31,3.38491518,0.99761568,0.98475823
1.01707114,2021-06-01,3.71785612,1.00443623,0.9638196
0.99793511,2021-06-02,3.34542548,0.99971692,0.98311664
1.01516794,2021-06-03,3.45316189,1.00614182,0.98630291
0.9652967,2021-06-04,3.75541783,0.98574307,0.95854262
0.98231564,2021-06-05,2.89976332,0.99155965,0.97602351
0.98885419,2021-06-06,3.80940021,0.99713152,0.98256008
0.98711229,2021-06-07,3.84187175,0.99540996,0.97759198
0.9311498,2021-06-08,3.07928198,0.98401816,0.91958988
1.02055296,2021-06-09,2.70927898,1.01058339,1.00420134
1.00548691,2021-06-10,3.21616456,1.00221411,0.9844645
1.01442378,2021-06-11,3.05803313,1.00368715,0.98565873
0.98245394,2021-06-12,3.08184558,0.99396878,0.97737331
1.00552395,2021-06-13,3.57231397,1.00259602,0.9921491
1.03755815,2021-06-14,2.17975801,1.01203258,1.02383861
1.01494257,2021-06-15,2.15662444,1.00606222,0.99946227
1.00516622,2021-06-16,3.31289182,1.00100784,0.99674044
0.97716033,2021-06-17,2.23216824,0.99351971,0.97086566
0.98604382,2021-06-18,2.33740671,0.99535641,0.97725896
0.98865017,2021-06-19,3.10370232,0.99628146,0.98430203
0.9850987,2021-06-20,3.48572726,0.99669296,0.97617721
0.95845576,2021-06-21,3.19084341,0.98443142,0.94683346
0.96718829,2021-06-22,2.21690687,0.9902929,0.95727977
0.99725418,2021-06-23,2.30138069,0.99969592,0.98189182
0.99523214,2021-06-24,2.03507658,0.99906432,0.97624711
0.87520288,2021-06-25,2.96908737,0.95818881,0.8662217
0.96678593,2021-06-26,1.95923139,0.99094591,0.96374219
1.01269373,2021-06-27,3.75305,1.00412445,1.00100178
1.0042854,2021-06-28,2.04556728,1.00136756,0.99844073
1.00549732,2021-06-29,1.568902,1.00223734,1.0013309
0.98292558,2021-06-30,1.80668295,0.99330723,0.97621027
0.97576553,2021-07-01,3.24807466,0.99301054,0.96557932
0.93456031,2021-07-02,1.47976569,0.98253866,0.92213001
1.00404925,2021-07-03,2.3560948,1.00112324,0.99807223
1.01216431,2021-07-04,2.91043444,1.00201442,0.99994088
0.99218225,2021-07-05,2.93585479,0.99790571,0.98219065
0.99358671,2021-07-06,2.49839869,0.99872526,0.98514176
1.00502577,2021-07-07,2.50665339,1.00133488,0.99312046
0.96885209,2021-07-08,2.46720617,0.99630765,0.96279726
1.00167442,2021-07-09,2.03160784,1.00025826,0.98986409
0.99662629,2021-07-10,2.42600808,0.99947459,0.99078747
1.00300071,2021-07-11,2.36431902,1.00043102,0.99721843
1.01307235,2021-07-12,2.18602244,1.00257183,0.9822729
0.98152265,2021-07-13,1.63044352,0.99532895,0.97529795
0.97749846,2021-07-14,1.75250858,0.99434506,0.97092335
0.97065383,2021-07-15,2.78611301,0.99194731,0.96339788
0.97446179,2021-07-16,1.52398547,0.99459171,0.96348798
1.19543542,2021-07-17,11.47148268,1.02478338,0.98361239
0.98126159,2021-07-18,2.13361373,0.99559066,0.97528576
0.98198255,2021-07-19,2.09250247,0.9963841,0.97069812
0.98221341,2021-07-20,2.35206005,0.99607188,0.95772457
1.00010847,2021-07-21,1.8355266,1.00060106,0.98570822
1.02117,2021-07-22,1.9379805,1.00339326,0.99374163
0.93332592,2021-07-23,1.82218157,0.98428074,0.93018852
1.01356695,2021-07-24,1.99940476,1.00171206,1.00735717
1.00246535,2021-07-25,1.92638802,1.00069209,0.99840969
1.10262732,2021-07-26,2.56705066,1.02140423,1.01928197
1.13856305,2021-07-27,2.97641948,1.00875644,1.05173789
1.09210413,2021-07-28,3.59283738,1.01100037,1.03119815
1.29432234,2021-07-29,5.41673816,1.04325038,1.02276381
1.01763801,2021-07-30,1.35752137,1.00462193,1.01111308
1.02686611,2021-07-31,1.23396125,1.00308657,1.02143199
1.01466219,2021-08-01,1.75735682,1.00095669,1.01009324
1.0102496,2021-08-02,2.17861061,1.00096144,1.00274756
0.99219148,2021-08-03,1.4473008,0.99857641,0.98860391
1.01199621,2021-08-04,1.72084343,1.00262099,1.0076679
1.01434331,2021-08-05,1.57998231,1.00312439,1.00751884
1.03223514,2021-08-06,2.75196162,1.00754724,1.01658979
1.03644667,2021-08-07,2.34819605,1.00501175,1.02428688
1.02786326,2021-08-08,1.67543855,1.00394694,1.01231453
1.0405826,2021-08-09,2.00045793,1.01088743,1.03445058
1.0463757,2021-08-10,2.16256172,1.00775937,1.03910928
1.03262853,2021-08-11,2.02753137,1.00517695,1.02110612
1.01724188,2021-08-12,2.34641492,1.00291006,1.00978351
1.0368774,2021-08-13,2.78112541,1.00904073,1.02777207
1.07850361,2021-08-14,4.20667368,1.0106344,1.01718256
1.01371961,2021-08-15,2.13235163,1.00204512,1.00760693
1.035829,2021-08-16,2.23996855,1.0042266,1.02666962
1.02330919,2021-08-17,1.94809831,1.00208828,1.00790781
1.03546299,2021-08-18,2.42928225,1.00407313,1.01397544
1.03585457,2021-08-19,2.94690239,1.00424097,1.02367828
1.04653568,2021-08-20,1.76884192,1.00719007,1.03722882
1.04447844,2021-08-21,2.21940802,1.0043902,1.03236865
1.04400832,2021-08-22,2.92677118,1.00404349,1.0133697
1.07180963,2021-08-23,1.8373369,1.00657415,1.03683071
1.01495265,2021-08-24,2.21278695,1.00061999,1.00751952
1.11105995,2021-08-25,4.35359358,1.00835547,1.02342585
1.03583619,2021-08-26,1.64511794,1.00204742,1.00547021
1.01634098,2021-08-27,2.24437897,1.00209353,1.0058528
1.03071947,2021-08-28,3.14088734,1.00187304,1.01196766
1.01886972,2021-08-29,2.83008935,1.00109253,1.00636997
1.02697522,2021-08-30,1.85549807,1.00179613,1.01242437
1.02051268,2021-08-31,2.53401682,1.00224045,1.00192911
1.02374723,2021-09-01,1.49113414,1.00248139,1.0111388
1.04501228,2021-09-02,1.51035443,1.0038609,1.03750548
1.03207622,2021-09-03,2.60676363,1.00379233,1.01819603
1.03448191,2021-09-04,2.11045998,1.00274856,1.02280289
1.0220342,2021-09-05,2.60589463,1.00263411,1.01219641
1.04722625,2021-09-06,1.79109677,1.00317641,1.03000526
0.99363312,2021-09-07,1.23787034,0.99856721,0.9883889
1.00160378,2021-09-08,1.49830272,1.00007132,0.99535878
1.04123483,2021-09-09,3.10070074,1.00375499,1.01201725
1.00504142,2021-09-10,3.13427087,0.99996972,0.9918208
1.00346316,2021-09-11,1.50438514,1.00028456,0.99900287
1.00620334,2021-09-12,2.40284212,1.00078556,1.00165029
0.99524985,2021-09-13,2.16622696,0.99965778,0.99009768
1.01867121,2021-09-14,1.60647034,1.00098881,1.00988921
1.02183613,2021-09-15,2.69612099,1.00394835,1.00890054
1.01973493,2021-09-16,2.09740127,1.00243753,1.00271076
1.01079888,2021-09-17,1.54940055,1.00142986,1.00300816
1.01672638,2021-09-18,1.6561266,1.00194119,1.01065714
1.01187005,2021-09-19,2.08014803,1.0009954,1.00378889
0.97834706,2021-09-20,2.10716697,0.99737647,0.97283715
0.98056366,2021-09-21,1.2593769,0.99863953,0.97908585
1.00535316,2021-09-22,1.7187902,1.00123121,1.00041798
1.00535735,2021-09-23,1.81785411,1.00085756,1.00036471
0.98802328,2021-09-24,1.57294135,0.99777487,0.98508584
1.0004715,2021-09-25,1.80329743,0.99995973,0.99868281
1.07390003,2021-09-26,2.46768243,1.02094888,1.00441137
1.00595121,2021-09-27,2.0423042,1.00101666,0.99988701
0.99060634,2021-09-28,0.98152873,0.99762657,0.99075628
1.00181323,2021-09-29,2.04758038,1.00019241,0.99633228
1.01174481,2021-09-30,1.73440443,1.00272188,1.00665355
1.02806403,2021-10-01,2.37514207,1.00517713,1.02204563
1.03436427,2021-10-02,2.19472422,1.00421644,1.02740675
1.0105376,2021-10-03,2.13816579,1.00163358,1.0065706
1.01716343,2021-10-04,1.13955468,1.00297531,1.0147528
1.03559811,2021-10-05,1.85036518,1.00428075,1.02730918
1.07175704,2021-10-06,1.68016276,1.01082656,1.06626726
1.04938988,2021-10-07,1.72322516,1.00714413,1.04120224
1.02616751,2021-10-08,1.77551697,1.0034877,1.01905337
1.03154956,2021-10-09,1.90692379,1.00282322,1.02031595
1.0385095,2021-10-10,3.361811,1.00421755,1.01131344
1.03360494,2021-10-11,1.86911808,1.00442471,1.02457628
1.0335312,2021-10-12,2.36420431,1.00552901,1.01199064
1.04072783,2021-10-13,1.63169813,1.00512408,1.02911862
1.03206043,2021-10-14,2.05040227,1.00805282,1.02590745
1.04677577,2021-10-15,1.6525323,1.0088692,1.03910135
1.0511057,2021-10-16,1.7793837,1.00528853,1.02882905
1.01834383,2021-10-17,2.04561238,1.00229228,1.01092297
1.06473696,2021-10-18,2.56375836,1.00646642,1.03585938
1.1201379,2021-10-19,3.98308441,1.00444522,1.04278371
1.07788105,2021-10-20,1.89141326,1.00889609,1.05525717
1.05393612,2021-10-21,2.53220968,1.00660917,1.03898613
1.01002792,2021-10-22,1.16181119,1.00117611,0.99741003
1.01754326,2021-10-23,2.90641378,1.00218105,1.00561511
1.0366719,2021-10-24,1.11070912,1.00514135,1.023838
1.05742344,2021-10-25,1.54642369,1.00867418,1.03932434
1.02350187,2021-10-26,2.09717858,1.00438854,1.01391059
0.99316748,2021-10-27,1.9627106,0.9986975,0.98535875
1.03061107,2021-10-28,1.82207303,1.00546426,1.0218836
1.0277879,2021-10-29,2.48607972,1.0053822,1.01979479
1.02342154,2021-10-30,2.29419006,1.00191614,1.01095226
1.04728431,2021-10-31,5.1599646,1.00509808,1.00059364
1.06423185,2021-11-01,3.73773677,1.01043842,1.01718924
1.07916793,2021-11-02,2.54080226,1.0119144,1.0224516
1.05652896,2021-11-03,1.52284772,1.00803908,1.02491106
1.00906778,2021-11-04,2.24390407,1.0008846,1.00027698
1.04572548,2021-11-05,4.36863615,1.00415948,1.00623305
1.03695131,2021-11-06,1.59526594,1.00181034,1.01018519
1.0233783,2021-11-07,2.26302655,1.00179094,1.01287284
1.06150821,2021-11-08,2.92848785,1.0067335,1.04184395
1.05008858,2021-11-09,2.31818298,1.00539278,1.03607754
1.04626622,2021-11-10,3.80014818,1.00458705,1.01410551
1.02659407,2021-11-11,2.59929612,1.00339797,1.01498958
1.11454629,2021-11-12,2.43102532,1.02320494,1.10769429
1.01756674,2021-11-13,2.97219073,1.00179632,1.00409508
1.01550107,2021-11-14,2.92584641,1.00145997,1.00405383
1.0374582,2021-11-15,2.21798132,1.00436092,1.01897523
1.01867081,2021-11-16,2.08720392,1.00084814,0.98241127
1.01370901,2021-11-17,3.49210405,1.00159214,0.99461896
0.98885516,2021-11-18,1.68945142,0.99844834,0.97752204
0.99939502,2021-11-19,2.13221709,0.99998538,0.99116867
1.01186272,2021-11-20,2.47779863,1.00150364,1.00427381
1.01297044,2021-11-21,2.43241906,1.00065333,1.00005114
0.99196204,2021-11-22,1.9538498,0.9986094,0.98330478
1.00076879,2021-11-23,2.83450171,1.00031899,0.99124459
1.0037135,2021-11-24,2.17583058,1.00078792,0.99874007
1.06478693,2021-11-25,2.25447063,1.01116117,1.01027139
0.98771555,2021-11-26,1.95885081,0.99692817,0.97924216
0.99516758,2021-11-27,1.31697376,0.99937035,0.99234449
1.00761927,2021-11-28,1.61184379,1.00119747,0.99406199
1.0239559,2021-11-29,2.00644326,1.00377363,1.01203729
1.00698618,2021-11-30,1.64502049,1.00151738,0.99793626
1.01504911,2021-12-01,2.23681718,1.00368608,1.00264926
0.99955039,2021-12-02,2.52634393,0.99984233,0.99310757
0.99376798,2021-12-03,1.48040983,0.99837693,0.98715357
0.95571192,2021-12-04,1.76594114,0.98953409,0.95075591
0.99063791,2021-12-05,1.40829864,0.99834289,0.9862409
0.98358206,2021-12-06,1.92425278,0.99768381,0.9752921
1.03969526,2021-12-07,2.25351772,1.0049546,1.00152069
0.9919371,2021-12-08,1.92611625,0.99894032,0.98413267
0.98237799,2021-12-09,1.96428515,0.99616258,0.96732565
0.99450401,2021-12-10,1.28092661,0.99830847,0.98981619
1.00788427,2021-12-11,1.77569926,1.00135288,0.99827651
1.00319643,2021-12-12,1.96627159,1.00064753,0.99637672
0.99080918,2021-12-13,1.29999125,0.99747639,0.98537221
1.00671463,2021-12-14,1.94059705,1.00043958,0.97776999
0.99881723,2021-12-15,1.7330167,1.00001677,0.98884305
1.00380525,2021-12-16,2.05285482,1.00048218,0.98873729
0.984276,2021-12-17,2.16624265,0.99682323,0.97784943
0.99614977,2021-12-18,1.7785238,0.99960957,0.98625569
1.00118005,2021-12-19,1.99737161,1.00017989,0.99547256
0.98354177,2021-12-20,1.1841659,0.99718624,0.9797267
1.01184807,2021-12-21,1.70542242,1.00304556,1.00661889
1.00766083,2021-12-22,2.03854315,1.00142254,0.995113
1.01334606,2021-12-23,1.38666387,1.00233172,0.99467677
1.01560009,2021-12-24,1.62608586,1.00287641,1.01247884
0.99715668,2021-12-25,1.20952029,0.99962511,0.992219
1.00153643,2021-12-26,1.27006903,1.00026009,0.9937305
1.01395804,2021-12-27,1.8828234,1.00243748,1.00837901
0.98845785,2021-12-28,1.52583811,0.99732125,0.9819947
0.98988183,2021-12-29,1.63064083,0.99794379,0.9852047
1.00063826,2021-12-30,1.67288698,1.0002057,0.98484795
1.00235701,2021-12-31,2.01112149,1.00030306,0.9795625
1.00505525,2022-01-01,2.04300369,1.00070973,0.99426022
0.99892433,2022-01-02,1.40558191,0.99971225,0.99638183
0.98902199,2022-01-03,1.66381603,0.99855473,0.98098864
0.9896868,2022-01-04,1.10742517,0.99813697,0.986999
0.99558825,2022-01-05,1.59710283,0.9990385,0.9877837
0.97651672,2022-01-06,1.43027379,0.99463775,0.96790385
0.97108573,2022-01-07,1.35792421,0.99413102,0.96680722
0.98570332,2022-01-08,1.57698894,0.99811535,0.98198005
0.99112035,2022-01-09,1.51541133,0.99911823,0.98528139
0.9887775,2022-01-10,1.82510351,0.99791667,0.98179382
0.99124591,2022-01-11,1.47225884,0.99942628,0.98793378
1.01179788,2022-01-12,1.75435968,1.00150862,1.0006294
0.99257288,2022-01-13,1.62775707,0.99884871,0.98851262
0.99417455,2022-01-14,1.52731209,0.99936901,0.98954182
1.00530921,2022-01-15,1.48808693,1.00037493,1.00226296
1.00089521,2022-01-16,1.78456846,1.00004395,0.99206038
0.98202443,2022-01-17,1.63850791,0.99708076,0.97807474
0.98872074,2022-01-18,1.19314544,0.99858595,0.98593119
0.97415063,2022-01-19,1.29549975,0.99623491,0.96688214
0.99138108,2022-01-20,1.88165753,0.99851755,0.98390586
0.95407392,2022-01-21,1.22467105,0.98753281,0.95222282
0.97091482,2022-01-22,1.39030479,0.99569142,0.96571619
0.98428828,2022-01-23,1.81368258,0.9991359,0.97327662
0.97040444,2022-01-24,1.3336236,0.99612013,0.96675799
0.99508476,2022-01-25,1.71275492,0.99975934,0.98526471
0.99453471,2022-01-26,1.50298612,0.99893855,0.99224528
0.98243136,2022-01-27,1.49157677,0.99656907,0.97541554
0.98066242,2022-01-28,1.11263257,0.99641229,0.97982047
0.97196118,2022-01-29,1.70138019,0.99469865,0.96897886
0.9835566,2022-01-30,1.29778274,0.99723555,0.98178058
0.99277573,2022-01-31,1.47665426,0.99871343,0.9907629
1.08332009,2022-02-01,11.44024734,1.01662279,0.95664419
0.98935962,2022-02-02,1.34174857,0.99762796,0.98707091
0.98725991,2022-02-03,0.88771527,0.99740235,0.98906178
1.02215013,2022-02-04,1.47329713,1.00354753,1.02043962
1.01093979,2022-02-05,1.10846193,1.00235677,1.00993755
1.00031876,2022-02-06,1.06574021,1.00028238,0.99936835
1.01590729,2022-02-07,1.45798891,1.00379392,1.0127544
1.01183864,2022-02-08,1.28620362,1.00070294,1.00823337
1.00858145,2022-02-09,1.33590636,1.00110053,1.00540006
1.01337025,2022-02-10,2.58703249,1.00188905,1.00603532
1.0053019,2022-02-11,1.48931656,1.00072639,0.99963246
1.01254017,2022-02-12,1.23780879,1.00110636,1.01036762
1.00168253,2022-02-13,1.82920003,1.00021356,0.99774068
0.99863524,2022-02-14,1.43267737,0.99965064,0.99709753
1.02211085,2022-02-15,1.68437856,1.00345022,1.01500086
1.00501589,2022-02-16,1.89099595,1.00105647,1.00165123
0.9946345,2022-02-17,1.42491732,0.9978455,0.99107714
0.98851019,2022-02-18,1.21849802,0.99754172,0.98696916
0.99728974,2022-02-19,1.30830017,0.99938557,0.99615476
0.98461214,2022-02-20,1.6221422,0.99754305,0.98026462
0.99296361,2022-02-21,1.49219485,0.99836669,0.9885134
0.98495232,2022-02-22,1.15157539,0.99826431,0.98349106
1.0123361,2022-02-23,1.82351024,1.00132677,0.99782972
0.97838194,2022-02-24,1.31067258,0.99539739,0.9765596
0.99667255,2022-02-25,1.11966887,0.99964677,0.99476784
0.991315,2022-02-26,1.26751902,0.99935653,0.98649387
1.00192487,2022-02-27,1.32986688,0.99990573,0.99603468
1.02179984,2022-02-28,1.20686533,1.00628788,0.99291588
1.01660469,2022-03-01,1.08114508,1.00271974,1.01569739
1.01122101,2022-03-02,1.86045815,1.00173175,1.00290976
1.01286005,2022-03-03,1.55748302,1.00206799,1.00350414
0.9873865,2022-03-04,1.24495673,0.99657726,0.98369668
0.99521152,2022-03-05,1.49255261,0.99886875,0.99378082
0.9979716,2022-03-06,1.55284367,0.99940537,0.99313433
0.99235673,2022-03-07,1.63718081,0.9987547,0.98344463
1.002503,2022-03-08,1.2893372,1.00011803,0.99094598
1.00638221,2022-03-09,1.46104746,1.00108516,1.00197024
0.97463854,2022-03-10,1.4568415,0.99679256,0.97064317
1.01573216,2022-03-11,3.13904447,1.0023829,0.97272164
1.0021814,2022-03-12,1.17748466,1.00036846,0.99915735
0.99724135,2022-03-13,1.50365094,0.99946552,0.9906061
0.99717242,2022-03-14,1.58982567,1.00000517,0.99181023
0.99114451,2022-03-15,1.24497663,0.99897705,0.98767038
1.01267591,2022-03-16,1.73453412,1.00261323,1.00438924
0.99146174,2022-03-17,1.61327999,0.99877636,0.97064581
1.00679416,2022-03-18,1.30775158,1.00140086,1.00509289
1.00909217,2022-03-19,1.66139635,1.00112904,1.00273958
1.00138554,2022-03-20,1.13697763,1.00009026,1.00008622
1.00002088,2022-03-21,1.17079629,1.0000121,0.99732482
1.0157457,2022-03-22,1.26264573,1.00328641,1.01399938
1.00360832,2022-03-23,1.37006865,1.00091772,1.00017124
1.0110969,2022-03-24,1.09524186,1.00331858,1.01011258
1.06854292,2022-03-25,3.46246642,1.01246889,1.00872231
1.00508639,2022-03-26,1.14514184,1.0006114,1.0029228
1.01754798,2022-03-27,1.41431392,1.00254402,1.01554454
1.03920436,2022-03-28,1.45367812,1.00705715,1.03660836
1.03125952,2022-03-29,3.24949716,1.00433067,1.01088825
1.00908824,2022-03-30,1.18480172,1.0017804,1.00809399
0.99921862,2022-03-31,1.21107685,0.99956773,0.99636047
1.00877609,2022-04-01,1.45032657,1.00240288,1.0056443
1.00318721,2022-04-02,1.01308619,1.00035465,1.00303839
1.00598364,2022-04-03,1.57061806,1.00095627,1.00087322
1.00727753,2022-04-04,1.05028331,1.0011046,1.00525952
1.00780927,2022-04-05,1.2173751,1.00044384,1.00348807
0.98812322,2022-04-06,1.18467879,0.99808171,0.98677907
0.99129908,2022-04-07,1.54270043,0.99901716,0.98916657
0.99767059,2022-04-08,1.21736386,0.99926386,0.99656076
0.99470939,2022-04-09,1.36082513,0.99948177,0.99304852
1.00008928,2022-04-10,1.38716685,0.99997523,0.99830561
0.98289104,2022-04-11,1.4145512,0.99693583,0.98008114
1.00764637,2022-04-12,1.64754381,1.00204847,0.99399566
0.99851135,2022-04-13,0.98252967,1.00044298,0.99866471
1.00723971,2022-04-14,2.42492023,1.00159396,0.99182602
0.99951394,2022-04-15,1.16124903,1.0001191,0.99888211
0.99780093,2022-04-16,1.10768168,0.99957574,0.99750015
0.99898782,2022-04-17,1.30640877,0.99973408,0.9973019
0.99431832,2022-04-18,1.01333216,0.99943877,0.99424027
1.00295252,2022-04-19,1.19207384,1.00081959,1.0015877
1.00335277,2022-04-20,1.36059197,1.00072723,1.00201707
1.02800137,2022-04-21,2.49891272,1.00434652,1.00192321
0.98955229,2022-04-22,0.77694684,0.99790191,0.99465298
0.99794508,2022-04-23,1.46255379,0.99962716,0.99651794
0.99856741,2022-04-24,1.04333014,0.99961824,0.99840368
0.9861586,2022-04-25,1.05164745,0.99918212,0.98573194
0.99108394,2022-04-26,0.90657209,0.99819137,0.99216191
0.99566903,2022-04-27,1.04760645,0.99973757,0.9953732
1.00025,2022-04-28,1.02655955,0.99994364,0.99991166
0.99155828,2022-04-29,0.89808519,0.99820302,0.99289751
0.9969527,2022-04-30,0.97395226,0.99889378,0.99713398
0.99077147,2022-05-01,1.39631407,0.99839033,0.98941292
0.97639867,2022-05-02,0.80146579,0.99746574,0.98484045
0.98533885,2022-05-03,0.81380479,0.99814841,0.99000407
1.00408561,2022-05-04,1.18753122,1.00131409,1.00170177
0.98729922,2022-05-05,1.17360801,0.99816857,0.98534715
0.98601249,2022-05-06,1.01247681,0.99835044,0.98559985
0.99385659,2022-05-07,0.88365756,0.99853595,0.99423809
0.98370386,2022-05-08,1.05767181,0.99717202,0.9830385
0.93552946,2022-05-09,0.95524327,0.99027653,0.93504184
0.96206004,2022-05-10,0.89065671,0.99560509,0.96325439
0.94806023,2022-05-11,0.81458835,0.98869971,0.95210735
0.94513504,2022-05-12,0.76050778,0.99460928,0.95128671
0.97898234,2022-05-13,1.02577985,0.99667215,0.97762143
1.01905261,2022-05-14,2.41315078,1.00402854,0.98893861
0.99451266,2022-05-15,0.7447652,0.99945816,0.99743834
0.9854312,2022-05-16,0.92565396,0.99672838,0.98633089
0.98748126,2022-05-17,0.74791753,0.9970337,0.99312451
0.97993701,2022-05-18,0.83323562,0.99314651,0.98138272
0.97116289,2022-05-19,0.63973563,0.99345308,0.99504372
0.97372673,2022-05-20,0.8443441,0.99178894,0.9762041
0.988665,2022-05-21,0.66993915,0.99758423,0.99615534
0.9980592,2022-05-22,0.74966825,0.99980406,1.00012212
0.97952252,2022-05-23,0.60551285,0.99357267,0.98949594
0.98549184,2022-05-24,0.83276424,0.99663739,0.98847494
0.99347538,2022-05-25,0.88309367,0.99778126,0.99521305
0.98002656,2022-05-26,0.83272875,0.99350985,0.98179848
0.9705526,2022-05-27,0.98872336,0.98949777,0.97028558
0.99428519,2022-05-28,1.04909563,0.99901609,0.99386746
0.99801846,2022-05-29,1.00418788,0.99965126,0.99790793
1.00960985,2022-05-30,0.89887852,1.00220775,1.01168599
1.01161521,2022-05-31,1.21605326,1.00237276,1.01035499
0.97980858,2022-06-01,0.8438727,0.99439162,0.98336359
0.94713226,2022-06-02,0.59458227,0.98454789,0.99476852
0.98039125,2022-06-03,0.73271389,0.99326908,0.99010585
0.96174011,2022-06-04,0.62529371,0.98932608,0.97306634
0.98567849,2022-06-05,0.89236212,0.99716236,0.98641
0.99081429,2022-06-06,0.85463839,0.99776174,0.9923018
0.97255974,2022-06-07,0.62056664,0.99026711,0.99647858
0.989097,2022-06-08,0.93816979,0.99652542,0.99022941
0.95473771,2022-06-09,0.60016913,0.98828053,0.99221254
0.9824339,2022-06-10,0.94382876,0.99426018,0.98352954
0.95344747,2022-06-11,0.56079912,0.99213733,0.98775704
0.97440536,2022-06-12,0.8723621,0.99369174,0.97678444
0.92059856,2022-06-13,0.67247065,0.97804109,0.92768796
0.89708254,2022-06-14,0.55241723,0.98911066,0.91232776
0.90463494,2022-06-15,0.47453087,0.99340667,0.94734804
0.93232544,2022-06-16,0.57919487,0.99443223,0.94431819
0.94198226,2022-06-17,0.79071108,0.99414137,0.95885853
0.93076964,2022-06-18,0.5499153,0.98973262,0.94299167
0.98322145,2022-06-19,0.61500342,0.99818507,0.98898661
0.9748337,2022-06-20,0.66400176,0.99525751,0.97929578
0.97254027,2022-06-21,0.46649374,0.9924632,0.99196401
0.95909662,2022-06-22,0.60020645,0.98687686,0.96618881
0.98955479,2022-06-23,0.55071711,0.99635888,0.99454564
0.97865045,2022-06-24,0.68153011,0.99461452,0.98394316
1.00681809,2022-06-25,2.05095056,1.00251613,0.99791412
0.99481648,2022-06-26,0.71967734,0.99755457,0.99632203
0.97283107,2022-06-27,0.51334403,0.99145089,0.98043324
0.97802568,2022-06-28,0.66924504,0.99516683,0.98605168
0.97310686,2022-06-29,0.95551544,0.99479436,0.97333168
0.9180117,2022-06-30,0.48878562,0.98257016,0.94409716
0.96562539,2022-07-01,0.51898002,0.99412551,0.97994108
0.97942522,2022-07-02,0.51015322,0.99585458,0.9884983
0.97397906,2022-07-03,0.62018883,0.99573286,0.98596198
0.9916023,2022-07-04,0.62796048,0.9992334,0.994186
0.98641437,2022-07-05,0.63319648,0.99727177,0.9891809
0.95827232,2022-07-06,0.49138912,0.98772734,0.9703209
0.99162734,2022-07-07,0.55537346,0.99855476,0.9977383
0.98845643,2022-07-08,0.69689393,0.9982972,0.99274501
0.95595207,2022-07-09,0.66559534,0.98829891,0.95787099
0.99015907,2022-07-10,0.60725203,0.99662753,0.99385395
0.92469113,2022-07-11,0.42901224,0.98583715,0.97797164
0.97141721,2022-07-12,0.64269174,0.99640407,0.97608039
0.98048302,2022-07-13,0.67608512,0.99863135,0.98279364
0.96750489,2022-07-14,0.49086302,0.99397923,0.99044666
0.90350823,2022-07-15,0.42584188,0.97969305,0.96099619
0.99736332,2022-07-16,0.8642619,0.99985847,0.9979275
0.99758344,2022-07-17,0.60899974,0.99862211,0.99881059
0.99978792,2022-07-18,0.65769881,1.0003442,1.00588022
0.9649953,2022-07-19,0.70383201,0.99258796,0.99933593
1.013512,2022-07-20,0.8594541,1.00402887,1.01512034
0.96052377,2022-07-21,0.71120308,0.99070266,0.98547136
0.96397927,2022-07-22,0.38711667,0.99164999,1.01925244
0.98053921,2022-07-23,0.51134301,0.99514294,0.99662431
0.99384469,2022-07-24,0.5477012,0.99773767,0.99965852
0.96978691,2022-07-25,0.52137932,0.99411006,0.98099327
0.96771395,2022-07-26,0.78773432,0.995958,0.96984051
1.00200902,2022-07-27,0.82330601,1.00140895,1.00325482
1.01311179,2022-07-28,0.61882167,1.0032376,1.01611749
1.00199586,2022-07-29,0.57178415,1.00023024,1.00943728
1.00267755,2022-07-30,0.83515189,1.00050933,1.00348916
0.99216583,2022-07-31,0.66489631,0.99689751,0.99879056
0.99769454,2022-08-01,0.63257089,0.99955881,1.00036564
0.99166089,2022-08-02,0.64355029,0.9980818,0.99559791
0.99884186,2022-08-03,0.67134771,0.99945358,1.00304354
0.97640771,2022-08-04,0.6433467,0.9957037,0.98906862
0.99611366,2022-08-05,0.5809758,0.99987544,1.00080863
1.00079502,2022-08-06,1.20314731,1.00015412,0.99982928
0.99913099,2022-08-07,0.88894709,0.99960411,1.00010441
1.00361683,2022-08-08,0.63418573,1.00056446,1.00828087
0.9646427,2022-08-09,0.4674805,0.99422831,0.99710403
1.01260645,2022-08-10,1.62936461,1.00225529,1.00402404
0.99964209,2022-08-11,0.58719155,0.999921,1.00548182
1.00211945,2022-08-12,0.60906244,1.00090631,1.00641671
1.00115421,2022-08-13,0.61972859,1.0003566,1.00340576
0.99747961,2022-08-14,0.63426375,0.99885091,1.00117168
0.9930734,2022-08-15,0.58001875,0.99851919,1.00012958
0.99675199,2022-08-16,0.66857694,0.99942114,0.99959646
0.99036811,2022-08-17,0.50774166,0.99733623,1.00078914
0.99687597,2022-08-18,0.9379007,0.9991397,0.99720103
0.94753167,2022-08-19,0.56417362,0.99215704,0.9654671
0.98311632,2022-08-20,0.63212335,0.99867617,0.98971216
0.9940512,2022-08-21,0.59766672,0.99902074,0.99641196
0.9727934,2022-08-22,0.54495884,0.99742408,0.98500504
0.98419828,2022-08-23,0.66834188,0.99878066,0.98925765
0.98362702,2022-08-24,0.57550782,0.99809924,0.99166022
0.98629807,2022-08-25,0.59747329,0.99748883,0.99067251
0.98524158,2022-08-26,0.87084477,0.99596338,0.98618379
0.97106665,2022-08-27,0.66017374,0.99478603,0.97367949
0.99885421,2022-08-28,1.53239637,0.99960844,0.99355582
0.99056737,2022-08-29,1.39543033,0.99925616,0.98553793
0.96170856,2022-08-30,0.55357987,0.99267687,0.98503203
0.98454502,2022-08-31,0.55064385,0.99802841,0.99082998
0.96664604,2022-09-01,0.56162954,0.99636467,0.97562302
0.97674869,2022-09-02,0.55881443,0.9963596,0.98626996
0.99466902,2022-09-03,0.80605863,0.99814209,0.9954783
1.00290488,2022-09-04,2.18076389,1.00065329,0.99390911
0.98909591,2022-09-05,0.585034,0.99861194,0.99308969
0.95819745,2022-09-06,0.56044622,0.99601522,0.97374276
0.96738723,2022-09-07,0.66756374,0.99749372,0.974314
0.97922692,2022-09-08,0.49698053,0.99767948,0.99396703
1.01009451,2022-09-09,0.61510973,1.00246259,1.01577618
1.00209266,2022-09-10,0.66546814,1.00044957,1.00458154
0.99061794,2022-09-11,0.60844806,0.99752546,0.99638431
1.0028262,2022-09-12,0.57964149,1.00119111,1.00855713
0.94394164,2022-09-13,0.51708848,0.98305202,0.96694493
0.97460773,2022-09-14,0.48096821,0.9948173,0.98736111
0.96892573,2022-09-15,0.45444737,0.99377523,0.98569392
0.98808612,2022-09-16,0.51204306,0.99730514,0.99351372
0.99185611,2022-09-17,0.55910751,0.99819607,0.99628038
0.98870384,2022-09-18,0.51379453,0.99704811,0.99415559
0.96050345,2022-09-19,0.61165525,0.99563608,0.97316198
0.97275872,2022-09-20,0.58960317,0.99621712,0.98083572
0.97946141,2022-09-21,0.58151226,0.99704174,0.98889296
0.98385057,2022-09-22,0.57400508,0.99813458,0.98927583
0.98631862,2022-09-23,0.60710539,0.9973101,0.99242235
0.99428318,2022-09-24,0.62691196,0.998307,0.99707965
0.9884025,2022-09-25,0.55137303,0.99710945,0.99485477
0.98820455,2022-09-26,0.65266466,0.99858327,0.99471812
0.98876247,2022-09-27,0.72720784,0.99676496,0.99408687
0.96358882,2022-09-28,0.45803076,0.99450469,0.98818357
0.98819562,2022-09-29,0.53222751,0.9968567,0.99339586
0.98083815,2022-09-30,0.51557179,0.99505953,0.99341412
0.99146555,2022-10-01,0.57452639,0.99741783,0.99578682
0.98976392,2022-10-02,0.56705658,0.99672177,0.9940286
0.99017642,2022-10-03,0.52823611,0.99812019,0.99651446
0.99370927,2022-10-04,0.52039283,0.99878305,1.00622141
0.99117749,2022-10-05,0.6431852,0.99743883,0.99998226
0.99168806,2022-10-06,0.60071437,0.99712796,0.99960034
0.99226345,2022-10-07,0.8089298,0.99724681,0.99471859
0.97205306,2022-10-08,0.42728166,0.99074435,0.995915
0.99567344,2022-10-09,0.61216088,0.99875872,0.99842552
0.97932384,2022-10-10,0.47142029,0.99603466,0.99202002
0.98229084,2022-10-11,0.6848969,0.9968051,0.9894114
0.95286635,2022-10-12,0.6024101,0.99020251,0.95963306
0.98696423,2022-10-13,0.58753077,0.99729872,0.99155611
0.99222273,2022-10-14,0.58445002,0.99774875,0.999394
0.99066999,2022-10-15,0.58616874,0.99634637,0.99515444
0.9879547,2022-10-16,0.60620725,0.99603917,0.99828274
0.96397422,2022-10-17,0.60502109,0.98794965,1.0009556
1.02645851,2022-10-18,1.43670122,1.00570106,0.99569526
0.97823022,2022-10-19,0.53793257,0.9953304,0.9890371
0.98532673,2022-10-20,0.51008332,0.99614056,0.99424222
0.98698507,2022-10-21,0.52557524,0.99695379,0.99680334
0.96550218,2022-10-22,0.55868295,0.98934666,0.99947122
0.99472614,2022-10-23,0.62142391,0.99872935,0.99911914
0.99266565,2022-10-24,0.66001188,0.9980838,0.99747165
1.010692,2022-10-25,1.13563676,1.0026048,1.00839829
1.01117331,2022-10-26,0.58475791,1.00336587,1.02433194
1.00271599,2022-10-27,0.96898044,1.00045436,1.00322359
0.9928981,2022-10-28,0.61214535,0.99816751,1.00080984
1.00122554,2022-10-29,0.69135696,1.00048242,1.00390581
0.99053484,2022-10-30,0.50659253,0.99661514,0.9996521
0.9910812,2022-10-31,0.60183283,0.99747134,1.00100264
0.99057089,2022-11-01,0.55597056,0.99744293,1.00187032
0.99291108,2022-11-02,0.93236739,0.99805841,0.99387014
0.99354289,2022-11-03,0.73140995,0.99905664,0.99798358
1.03764824,2022-11-04,1.59952551,1.00641856,1.01177411
1.00218031,2022-11-05,0.84997474,1.00065362,1.00621911
0.98291514,2022-11-06,0.52641787,0.9980458,0.99109844
0.90716659,2022-11-07,0.42878526,0.98721355,0.99645776
0.95247256,2022-11-08,0.53939703,0.98442781,0.96826798
0.89397756,2022-11-09,0.43939756,0.97029215,0.93754773
0.9379763,2022-11-10,0.46732352,0.98867157,0.97333622
0.94775926,2022-11-11,0.80375427,0.99051425,0.95660607
0.91788277,2022-11-12,0.51899281,0.97737418,0.98239139
0.97385611,2022-11-13,0.48067292,0.9953368,0.98456263
0.94463812,2022-11-14,0.47901985,0.98723719,0.97137874
0.93178709,2022-11-15,0.46034951,0.98445938,0.98322694
0.91895151,2022-11-16,0.57093017,0.9759823,0.96463353
0.84657716,2022-11-17,0.37054004,0.94193137,0.94787647
0.74102253,2022-11-18,0.36732163,0.87496685,0.98360664
0.95658909,2022-11-19,0.45164665,0.98877075,0.98912876
0.94740051,2022-11-20,0.51381429,0.99027396,0.98410301
0.92069811,2022-11-21,0.42624653,0.97585341,0.96903838
0.92747211,2022-11-22,0.50014631,0.97782554,0.97086511
1.02287457,2022-11-23,1.4027244,1.00901168,0.98779323
0.96269164,2022-11-24,0.53351873,0.98512854,0.98363367
0.96341503,2022-11-25,0.53222132,0.99020993,0.98524119
0.95146451,2022-11-26,0.35109068,0.98224293,0.9962349
0.97664385,2022-11-27,0.52469072,0.99216544,0.99142906
0.93662668,2022-11-28,0.42884712,0.96779618,0.97558749
0.97615655,2022-11-29,0.61874842,0.98941663,0.98785359
0.96986363,2022-11-30,0.45300582,0.98592681,1.00207104
0.98000007,2022-12-01,0.64800767,0.98974246,0.99651814
0.96409912,2022-12-02,0.50996416,0.98156386,0.99897841
0.97961911,2022-12-03,0.49854269,0.99192499,0.99790933
0.95282453,2022-12-04,0.42897167,0.97914404,1.00100939
0.87285181,2022-12-05,0.4152352,0.93730444,0.99847781
0.94833796,2022-12-06,0.37634884,0.97516253,0.99903289
0.98537429,2022-12-07,0.7171162,0.99458138,0.99104396
0.96965643,2022-12-08,0.52434215,0.98828896,1.00029782
0.95122263,2022-12-09,0.48869499,0.97907101,0.99745549
0.99829406,2022-12-10,0.94690546,0.99938884,0.99911451
0.96980297,2022-12-11,0.52725241,0.98872107,0.99977129
0.98365024,2022-12-12,0.52165291,0.99310734,0.9981018
0.97446324,2022-12-13,0.45786719,0.99062868,1.00739571
0.96303613,2022-12-14,0.46194006,0.98825163,1.01373414
0.98439776,2022-12-15,0.56242952,0.99346537,0.99509881
0.97577813,2022-12-16,0.62369788,0.99036309,0.9891805
0.96638232,2022-12-17,0.56028966,0.98801186,0.98218874
0.98312846,2022-12-18,0.62343753,0.99407512,0.99364001
0.93335341,2022-12-19,0.51121194,0.97042156,0.94597403
0.9844055,2022-12-20,0.48649955,0.99393434,0.99846497
0.95616178,2022-12-21,0.47027257,0.98108041,0.99171681
0.97814786,2022-12-22,0.57726902,0.98978257,0.9976367
0.97721625,2022-12-23,0.68799468,0.98941716,0.987849
0.97932297,2022-12-24,0.56013486,0.99218046,0.99825323
0.94127521,2022-12-25,0.42455085,0.97896094,0.99786472
0.98875177,2022-12-26,0.56003699,0.99546554,0.99719581
0.96770111,2022-12-27,0.44147597,0.98477761,0.99549044
0.92778707,2022-12-28,0.58135694,0.96491304,0.98930845
0.9466472,2022-12-29,0.52299749,0.97397684,0.99427681
0.98072216,2022-12-30,0.67783411,0.98993521,0.99179941
0.86546495,2022-12-31,0.38673365,0.9283215,0.99550762
