start_time,close,high,low,open,volume
01/01/2019,3797.14,3810.16,3642.0,3701.23,23741.687033
02/01/2019,3858.56,3882.14,3750.45,3796.45,35156.463369
03/01/2019,3766.78,3862.74,3730.0,3857.57,29406.948359
04/01/2019,3792.01,3823.64,3703.57,3767.2,29519.554671
05/01/2019,3770.96,3840.99,3751.0,3790.09,30490.667751
06/01/2019,3987.6,4027.71,3740.0,3771.12,36553.806709
07/01/2019,3975.45,4017.9,3921.53,3987.62,31869.846264
08/01/2019,3955.13,4069.8,3903.0,3976.76,38901.423122
09/01/2019,3966.65,4006.81,3930.04,3955.45,28989.439511
10/01/2019,3585.88,3996.01,3540.0,3966.06,59402.22851
11/01/2019,3601.31,3658.0,3465.0,3585.88,38338.654733
12/01/2019,3583.13,3618.19,3530.0,3601.31,21999.928354
13/01/2019,3476.81,3611.1,3441.3,3584.1,26385.757454
14/01/2019,3626.09,3671.87,3467.02,3477.56,35235.211215
15/01/2019,3553.06,3648.42,3516.62,3626.08,34137.997459
16/01/2019,3591.84,3645.0,3543.51,3553.06,27480.179977
17/01/2019,3616.21,3634.7,3530.39,3591.84,29755.440838
18/01/2019,3594.87,3620.0,3565.75,3613.32,22713.446755
19/01/2019,3665.3,3720.0,3594.23,3594.87,22171.578123
20/01/2019,3539.28,3693.73,3475.0,3665.75,27901.938598
21/01/2019,3526.9,3559.51,3475.5,3539.26,19644.436839
22/01/2019,3570.93,3608.5,3434.85,3526.88,29336.442967
23/01/2019,3552.82,3607.98,3514.5,3570.41,24938.842698
24/01/2019,3569.62,3589.0,3529.22,3552.97,20826.25118
25/01/2019,3565.29,3587.15,3522.51,3569.07,17608.346671
26/01/2019,3565.25,3662.94,3545.0,3566.69,19476.532344
27/01/2019,3550.84,3579.0,3486.0,3565.62,22735.598162
28/01/2019,3434.15,3557.75,3380.27,3550.05,40405.111401
29/01/2019,3411.04,3443.45,3349.92,3434.0,29544.928977
30/01/2019,3458.18,3478.0,3387.1,3410.04,23968.260243
31/01/2019,3434.1,3489.2,3418.8,3457.5,29607.190253
01/02/2019,3462.07,3488.0,3401.2,3434.1,25260.476159
02/02/2019,3504.77,3526.4,3440.29,3462.2,17920.802
03/02/2019,3458.11,3511.09,3426.0,3504.06,19867.33639
04/02/2019,3463.22,3484.88,3433.31,3458.11,23131.981108
05/02/2019,3471.59,3478.97,3448.43,3463.22,25264.41503
06/02/2019,3405.37,3482.72,3380.0,3471.57,35310.244846
07/02/2019,3398.4,3426.45,3390.0,3407.0,18665.538638
08/02/2019,3659.04,3733.58,3373.1,3398.4,47968.058013
09/02/2019,3665.18,3680.02,3625.13,3660.27,24759.833719
10/02/2019,3680.06,3684.99,3609.76,3665.18,23250.602634
11/02/2019,3631.05,3684.9,3615.53,3679.75,24954.614571
12/02/2019,3631.46,3667.6,3582.34,3631.05,29479.59823
13/02/2019,3609.4,3670.0,3591.75,3631.51,25773.997648
14/02/2019,3590.56,3626.4,3568.11,3608.34,21753.501261
15/02/2019,3602.47,3653.23,3573.45,3590.57,20777.872899
16/02/2019,3618.41,3648.2,3597.91,3602.49,19565.992751
17/02/2019,3667.58,3700.11,3604.4,3617.22,25690.227779
18/02/2019,3898.6,3925.0,3655.0,3667.62,64042.730492
19/02/2019,3907.79,3994.52,3856.0,3897.35,50207.172667
20/02/2019,3969.74,3986.98,3870.66,3907.35,36205.14085
21/02/2019,3937.31,4016.48,3901.03,3969.74,31103.884728
22/02/2019,3962.0,3988.0,3926.65,3937.31,23943.16375
23/02/2019,4117.76,4162.02,3933.15,3962.0,33657.942883
24/02/2019,3743.56,4198.0,3712.66,4118.0,62224.18689
25/02/2019,3827.92,3872.66,3740.0,3743.56,38102.966245
26/02/2019,3809.23,3841.51,3777.0,3828.44,28838.748036
27/02/2019,3818.07,3838.85,3677.17,3809.31,31500.995466
28/02/2019,3813.69,3888.0,3763.87,3818.04,32561.961044
01/03/2019,3823.0,3857.0,3813.01,3814.26,23174.57217
02/03/2019,3819.93,3841.31,3772.25,3822.17,19445.838355
03/03/2019,3807.75,3835.0,3781.32,3819.97,16718.16541
04/03/2019,3715.3,3830.0,3670.69,3807.32,34742.84166
05/03/2019,3857.73,3877.1,3703.55,3716.1,32962.536162
06/03/2019,3861.84,3907.0,3813.09,3857.58,24775.11883
07/03/2019,3873.64,3905.4,3840.4,3861.84,26455.257661
08/03/2019,3864.89,3932.0,3800.0,3873.63,34730.366592
09/03/2019,3943.04,3971.75,3854.75,3864.88,30979.747653
10/03/2019,3916.82,3943.43,3881.69,3943.43,23187.561412
11/03/2019,3871.61,3936.98,3830.0,3915.99,38066.885705
12/03/2019,3882.73,3905.2,3826.06,3871.61,26921.008622
13/03/2019,3866.0,3893.56,3840.0,3882.69,24461.008757
14/03/2019,3877.12,3920.0,3810.43,3866.0,27048.74853
15/03/2019,3923.76,3939.22,3872.2,3877.12,21740.061498
16/03/2019,4005.98,4056.98,3921.98,3924.46,28568.376124
17/03/2019,3981.14,4012.0,3950.01,4005.98,18814.255577
18/03/2019,3987.81,4037.0,3953.33,3981.85,22454.47801
19/03/2019,4015.53,4031.0,3970.0,3987.83,19893.741815
20/03/2019,4043.04,4050.0,3980.5,4017.48,23432.300255
21/03/2019,3980.64,4069.32,3880.01,4043.04,35997.682119
22/03/2019,3986.93,4008.0,3968.25,3980.85,20022.606318
23/03/2019,4006.01,4018.83,3978.01,3987.89,17302.604318
24/03/2019,3992.18,4006.02,3950.0,4006.01,17179.850648
25/03/2019,3936.12,3999.3,3888.71,3991.35,33192.890217
26/03/2019,3948.55,3958.98,3894.0,3935.47,29349.537627
27/03/2019,4038.05,4048.0,3936.15,3948.77,32364.555852
28/03/2019,4027.81,4039.7,4002.0,4039.58,20089.293875
29/03/2019,4103.25,4123.71,4024.03,4028.22,30084.217444
30/03/2019,4106.97,4140.0,4052.0,4104.24,19509.292601
31/03/2019,4103.95,4116.12,4082.57,4106.99,13525.087433
01/04/2019,4144.56,4158.7,4067.0,4102.44,25507.067641
02/04/2019,4857.29,4897.99,4140.54,4144.54,105383.639263
03/04/2019,4932.6,5275.01,4753.5,4857.19,109890.125743
04/04/2019,4898.66,5039.08,4777.0,4932.59,61054.254168
05/04/2019,5004.95,5028.22,4880.62,4898.64,39768.552806
06/04/2019,5043.89,5205.0,4928.59,5004.96,41770.842313
07/04/2019,5170.27,5234.0,5026.0,5042.07,37615.486804
08/04/2019,5236.9,5305.0,5039.0,5170.27,50178.430782
09/04/2019,5150.0,5238.4,5076.68,5238.38,34067.012311
10/04/2019,5308.25,5422.0,5135.0,5150.0,40073.620471
11/04/2019,5017.37,5332.67,4927.0,5307.86,54696.600686
12/04/2019,5048.01,5080.58,4861.22,5017.37,33276.678614
13/04/2019,5045.22,5099.0,5004.0,5047.0,17292.456802
14/04/2019,5131.3,5152.99,5000.0,5047.45,18281.607739
15/04/2019,5024.95,5167.38,4950.0,5131.28,29057.191581
16/04/2019,5173.72,5197.72,5003.94,5024.95,24242.229493
17/04/2019,5202.82,5230.4,5146.8,5173.72,23307.536134
18/04/2019,5258.44,5287.0,5198.8,5202.41,22619.239001
19/04/2019,5258.68,5320.0,5175.0,5258.44,24611.236323
20/04/2019,5291.73,5333.42,5230.1,5258.68,19168.908274
21/04/2019,5256.14,5314.35,5165.0,5292.91,25549.570939
22/04/2019,5357.14,5400.0,5208.35,5257.41,29563.852309
23/04/2019,5493.31,5600.0,5332.41,5357.14,41262.103917
24/04/2019,5415.0,5582.2,5333.35,5490.91,48224.152413
25/04/2019,5219.9,5491.84,5102.0,5415.0,49636.089948
26/04/2019,5314.1,5510.0,5161.62,5220.47,48912.294513
27/04/2019,5295.69,5342.5,5257.67,5315.0,15422.896935
28/04/2019,5307.52,5340.0,5259.48,5295.69,14371.433869
29/04/2019,5238.14,5332.0,5178.8,5309.81,19918.135079
30/04/2019,5320.81,5339.98,5192.15,5238.14,22238.06823
01/05/2019,5383.2,5402.0,5316.2,5321.94,17217.473216
02/05/2019,5492.87,5538.0,5370.0,5383.2,22795.787835
03/05/2019,5772.69,5844.0,5477.57,5494.81,46297.172849
04/05/2019,5829.45,5900.0,5587.45,5770.62,39682.408991
05/05/2019,5775.62,5839.9,5696.0,5829.83,23822.543775
06/05/2019,5747.79,5805.0,5619.14,5773.18,25256.596325
07/05/2019,5846.34,6028.41,5747.74,5749.92,39905.064422
08/05/2019,5987.29,6014.72,5772.2,5846.34,23074.186907
09/05/2019,6209.18,6224.55,5983.71,5986.66,27453.011436
10/05/2019,6373.33,6468.92,6172.0,6209.95,36623.61079
11/05/2019,7076.22,7343.99,6372.85,6375.16,74022.424393
12/05/2019,6967.31,7521.78,6750.0,7076.24,86948.975339
13/05/2019,7790.71,8100.0,6870.0,6968.24,85804.735333
14/05/2019,7947.56,8366.0,7599.56,7795.62,76583.722603
15/05/2019,8169.87,8249.0,7850.0,7945.26,37884.327211
16/05/2019,7866.59,8320.0,7705.0,8169.08,69630.513996
17/05/2019,7355.26,7925.0,6913.0,7868.67,88752.008159
18/05/2019,7257.45,7458.0,7156.61,7355.28,37054.944779
19/05/2019,8148.48,8275.09,7243.08,7257.32,65577.442058
20/05/2019,7938.15,8156.03,7553.0,8147.94,65859.208564
21/05/2019,7904.87,8042.32,7771.0,7937.16,52301.752247
22/05/2019,7628.43,8016.0,7465.0,7904.48,49136.994589
23/05/2019,7851.51,7940.98,7461.0,7627.8,49648.184701
24/05/2019,7964.87,8130.0,7766.0,7849.95,46664.785325
25/05/2019,8025.41,8091.8,7908.34,7964.52,28414.328817
26/05/2019,8614.43,8740.0,7833.42,8023.0,49652.144567
27/05/2019,8756.32,8908.32,8589.0,8612.54,51886.768793
28/05/2019,8715.64,8798.49,8510.63,8752.52,31470.551534
29/05/2019,8645.68,8750.0,8406.6,8716.87,33880.865922
30/05/2019,8269.54,9074.26,8005.0,8646.5,70379.998521
31/05/2019,8555.0,8594.0,8108.5,8267.1,44727.49162
01/06/2019,8544.07,8626.0,8442.36,8555.0,31868.234157
02/06/2019,8725.98,8814.78,8524.0,8545.1,27835.133265
03/06/2019,8115.82,8800.95,8080.8,8726.0,45692.965104
04/06/2019,7687.03,8115.66,7481.02,8115.66,74143.948941
05/06/2019,7776.5,7896.7,7572.78,7687.04,48679.656455
06/06/2019,7786.7,7868.13,7444.58,7778.08,36624.118747
07/06/2019,7980.53,8100.0,7737.49,7787.57,33942.225658
08/06/2019,7893.62,8044.65,7751.0,7978.94,22657.329634
09/06/2019,7628.13,7935.0,7506.66,7895.28,31568.465157
10/06/2019,7982.75,8020.0,7511.0,7627.57,36756.078468
11/06/2019,7884.9,8010.0,7692.23,7981.0,30334.999427
12/06/2019,8127.64,8200.0,7788.99,7884.9,41597.082622
13/06/2019,8218.54,8309.82,8010.03,8127.64,30467.764341
14/06/2019,8650.0,8684.41,8144.32,8216.44,39835.246255
15/06/2019,8808.7,8864.99,8567.63,8650.88,31791.636039
16/06/2019,8953.33,9333.0,8760.0,8810.77,63289.251219
17/06/2019,9313.96,9444.0,8950.0,8953.0,47895.485374
18/06/2019,9081.55,9336.36,8950.0,9312.13,51554.569401
19/06/2019,9255.49,9304.0,8960.0,9081.97,32147.706495
20/06/2019,9517.12,9590.0,9175.2,9253.76,34556.053982
21/06/2019,10159.86,10174.99,9518.06,9518.06,50484.415892
22/06/2019,10729.5,11160.0,9921.72,10159.86,104169.447976
23/06/2019,10906.07,11392.64,10555.18,10729.0,57445.323945
24/06/2019,11056.59,11143.63,10620.8,10905.95,43101.045285
25/06/2019,11820.86,11850.0,11026.0,11056.59,61276.686648
26/06/2019,13093.8,13970.0,11741.0,11821.28,155930.147386
27/06/2019,11329.99,13478.04,10525.1,13098.38,173894.820889
28/06/2019,12400.63,12480.0,10982.88,11329.99,95795.203964
29/06/2019,11903.13,12441.54,11475.02,12407.06,69642.074157
30/06/2019,10854.1,12180.0,10766.03,11903.13,84512.530443
01/07/2019,10624.93,11282.28,10030.0,10854.1,90962.268271
02/07/2019,10842.85,10938.75,9727.0,10624.9,109561.038728
03/07/2019,11940.0,11991.89,10841.04,10844.98,96815.90029
04/07/2019,11145.67,12000.0,11055.0,11940.0,66512.221892
05/07/2019,10970.73,11406.83,10796.44,11145.67,63534.350582
06/07/2019,11256.49,11665.0,10964.51,10982.41,51469.496331
07/07/2019,11406.24,11538.0,11094.37,11256.45,38884.795599
08/07/2019,12238.6,12338.03,11220.0,11410.0,52182.367215
09/07/2019,12543.41,12794.73,12068.0,12238.6,78442.130343
10/07/2019,12108.37,13147.08,11569.0,12548.51,109246.044997
11/07/2019,11342.89,12111.73,11000.0,12108.11,87506.461058
12/07/2019,11757.22,11885.0,11073.0,11342.88,56321.858281
13/07/2019,11355.76,11799.98,10830.0,11757.22,54245.594548
14/07/2019,10174.18,11452.0,10103.0,11355.78,72517.579236
15/07/2019,10838.72,11100.0,9860.0,10174.18,81922.426332
16/07/2019,9439.59,11028.0,9350.01,10833.78,97219.443413
17/07/2019,9667.92,9957.0,9060.0,9430.17,84942.672717
18/07/2019,10627.16,10788.0,9252.0,9668.86,80283.310252
19/07/2019,10504.29,10769.71,10121.84,10628.64,56546.932133
20/07/2019,10740.23,11068.99,10350.0,10505.78,47331.899848
21/07/2019,10589.45,10817.9,10288.0,10740.27,38834.287935
22/07/2019,10340.31,10683.16,10100.0,10590.15,40467.954839
23/07/2019,9864.91,10343.97,9822.0,10343.08,47624.37071
24/07/2019,9763.28,9937.0,9525.0,9864.78,43475.380377
25/07/2019,9879.87,10175.0,9720.03,9763.4,37873.354728
26/07/2019,9824.0,9889.98,9637.0,9882.15,27167.463217
27/07/2019,9476.52,10188.66,9333.0,9824.0,43809.778301
28/07/2019,9541.54,9594.99,9165.0,9478.92,29401.022937
29/07/2019,9507.64,9729.0,9395.0,9541.54,29021.937411
30/07/2019,9574.21,9714.28,9402.0,9509.07,32536.368834
31/07/2019,10080.53,10109.8,9555.0,9575.0,39515.35456
01/08/2019,10374.99,10467.86,9863.46,10080.53,41727.637028
02/08/2019,10523.75,10670.0,10281.35,10375.0,42990.444221
03/08/2019,10816.86,10904.77,10497.93,10523.75,33802.318824
04/08/2019,10929.23,11040.0,10552.0,10816.86,39924.745141
05/08/2019,11828.8,11937.52,10927.8,10929.99,65153.673713
06/08/2019,11481.69,12330.7,11226.7,11830.0,76705.389875
07/08/2019,11975.03,12141.17,11382.84,11481.69,69173.390353
08/08/2019,11999.77,12060.0,11521.0,11975.04,51207.257174
09/08/2019,11879.99,12045.68,11700.0,11994.17,39427.152588
10/08/2019,11309.31,11985.0,11270.0,11879.98,42633.087048
11/08/2019,11549.97,11600.0,11112.11,11309.24,26772.90691
12/08/2019,11396.08,11577.89,11235.32,11539.08,17568.227075
13/08/2019,10892.71,11456.16,10788.45,11398.35,33234.72968
14/08/2019,10050.37,10897.48,9928.1,10893.36,54451.847499
15/08/2019,10293.93,10460.0,9911.0,10055.16,38174.45112
16/08/2019,10331.54,10536.03,9750.0,10296.77,51758.142918
17/08/2019,10216.02,10465.14,10000.0,10331.15,29000.581201
18/08/2019,10306.78,10500.0,10080.0,10216.05,24085.395172
19/08/2019,10915.54,10930.0,10258.6,10306.17,37243.319217
20/08/2019,10760.51,10949.96,10560.0,10914.73,32298.921679
21/08/2019,10142.57,10804.13,9858.0,10760.51,47355.719282
22/08/2019,10099.88,10242.0,9762.0,10140.82,34059.642738
23/08/2019,10389.55,10445.0,10019.79,10099.9,27550.336173
24/08/2019,10134.35,10419.42,9890.0,10388.16,27692.456844
25/08/2019,10142.69,10333.0,9906.97,10134.61,26271.657398
26/08/2019,10372.25,10604.0,10137.93,10142.69,41687.511599
27/08/2019,10185.05,10391.08,10051.08,10373.6,28402.775383
28/08/2019,9721.0,10299.0,9601.01,10185.69,42110.555375
29/08/2019,9498.44,9724.0,9320.0,9721.0,35532.69491
30/08/2019,9584.54,9696.0,9350.41,9499.01,26834.318104
31/08/2019,9587.47,9684.51,9420.75,9582.76,17130.290074
01/09/2019,9724.98,9830.0,9520.0,9588.74,19545.404843
02/09/2019,10340.0,10450.0,9712.5,9723.59,44740.248093
03/09/2019,10615.28,10773.0,10272.0,10340.0,47998.376781
04/09/2019,10567.02,10799.0,10369.89,10611.85,43943.889026
05/09/2019,10564.49,10900.0,10450.0,10565.92,33970.960639
06/09/2019,10298.73,10905.87,10150.0,10563.13,58799.640959
07/09/2019,10455.88,10558.0,10288.57,10298.71,27637.877392
08/09/2019,10381.18,10592.5,10208.0,10455.9,23984.672018
09/09/2019,10303.12,10480.0,10068.5,10381.24,39835.727608
10/09/2019,10098.15,10384.99,9953.0,10302.58,28915.412225
11/09/2019,10158.33,10293.0,9880.0,10098.19,31953.824562
12/09/2019,10415.01,10448.81,10040.0,10158.75,34511.162755
13/09/2019,10342.06,10439.0,10153.0,10415.01,30280.339776
14/09/2019,10335.02,10419.99,10222.33,10344.13,23621.533519
15/09/2019,10302.01,10360.0,10252.15,10332.81,18047.654013
16/09/2019,10251.31,10355.0,10078.0,10303.34,28971.401657
17/09/2019,10187.82,10275.0,10128.01,10249.68,22914.324563
18/09/2019,10156.99,10258.02,10100.0,10187.48,24250.249303
19/09/2019,10244.29,10325.0,9653.0,10156.41,44826.282579
20/09/2019,10168.59,10281.0,10061.39,10243.7,25088.491069
21/09/2019,9986.39,10176.7,9900.0,10167.92,20544.175196
22/09/2019,10028.87,10089.0,9853.97,9985.15,22049.275256
23/09/2019,9702.25,10049.99,9615.77,10028.05,31937.232356
24/09/2019,8493.14,9794.99,7800.0,9702.2,94007.345203
25/09/2019,8430.05,8730.0,8215.64,8497.55,60783.892258
26/09/2019,8063.73,8465.99,7750.0,8430.05,67930.853749
27/09/2019,8177.91,8265.0,7852.15,8063.49,43882.924625
28/09/2019,8198.81,8315.0,8001.09,8177.47,34473.605165
29/09/2019,8043.82,8229.13,7890.0,8199.38,31544.211388
30/09/2019,8289.34,8337.26,7710.0,8043.04,55865.48726
01/10/2019,8292.44,8500.0,8173.05,8289.97,43479.58742
02/10/2019,8359.94,8373.91,8151.22,8292.67,26243.386644
03/10/2019,8223.96,8393.0,8060.0,8360.0,30488.284058
04/10/2019,8137.13,8232.41,8005.0,8224.43,26476.330404
05/10/2019,8126.19,8183.41,8012.98,8137.09,21907.615564
06/10/2019,7854.25,8153.87,7785.0,8127.55,34676.104049
07/10/2019,8190.09,8299.92,7762.0,7855.3,52202.072297
08/10/2019,8168.39,8325.0,8088.75,8190.82,35452.657423
09/10/2019,8560.74,8670.0,8115.0,8170.79,55038.704378
10/10/2019,8558.03,8644.0,8414.52,8562.15,39137.946167
11/10/2019,8258.5,8779.51,8212.38,8557.82,50405.284418
12/10/2019,8300.09,8400.0,8250.0,8257.95,21339.334098
13/10/2019,8275.01,8451.37,8160.0,8301.98,27840.739953
14/10/2019,8348.2,8388.85,8203.0,8275.24,29810.663253
15/10/2019,8159.29,8403.0,8090.0,8346.86,32773.062476
16/10/2019,7991.74,8181.16,7917.0,8159.3,34733.593966
17/10/2019,8070.58,8124.92,7929.03,7995.02,29656.949158
18/10/2019,7947.01,8115.0,7816.01,8070.71,31353.181416
19/10/2019,7948.01,8098.1,7866.92,7946.89,26627.889388
20/10/2019,8223.35,8297.0,7870.0,7949.87,34286.452654
21/10/2019,8197.27,8333.0,8142.03,8223.35,30448.679539
22/10/2019,8020.0,8297.99,8000.0,8197.28,34651.828663
23/10/2019,7466.62,8047.59,7300.0,8020.06,63897.457098
24/10/2019,7412.41,7503.68,7337.99,7468.47,32714.383265
25/10/2019,8655.02,8799.0,7361.0,7412.41,90748.218174
26/10/2019,9230.0,10370.0,8470.38,8655.88,162588.585413
27/10/2019,9529.93,9794.98,9074.34,9230.0,93833.541604
28/10/2019,9205.14,9902.1,9160.0,9528.23,80174.217323
29/10/2019,9407.62,9550.0,9072.0,9204.45,64158.462446
30/10/2019,9154.72,9409.84,9001.01,9407.62,55241.786434
31/10/2019,9140.85,9405.0,8913.0,9154.02,54376.024902
01/11/2019,9231.61,9279.0,9030.0,9140.86,43594.814115
02/11/2019,9289.52,9373.74,9186.21,9231.4,28923.060828
03/11/2019,9194.71,9362.57,9066.14,9289.85,27894.378279
04/11/2019,9393.35,9513.68,9115.84,9196.46,45894.456277
05/11/2019,9308.66,9454.95,9175.76,9392.4,45935.873665
06/11/2019,9339.05,9440.91,9250.01,9307.73,37336.170372
07/11/2019,9216.2,9375.0,9101.0,9339.16,39117.470853
08/11/2019,8773.73,9261.0,8696.0,9214.0,62107.289243
09/11/2019,8809.41,8880.0,8724.88,8773.74,29469.481405
10/11/2019,9039.47,9147.19,8750.0,8809.18,34422.029797
11/11/2019,8733.27,9072.32,8618.68,9040.16,44888.053545
12/11/2019,8821.94,8888.0,8567.6,8733.36,40366.629471
13/11/2019,8777.12,8844.99,8702.0,8821.91,26810.116918
14/11/2019,8646.68,8800.0,8582.6,8777.54,33468.468961
15/11/2019,8471.73,8790.0,8400.0,8646.38,46087.417751
16/11/2019,8491.02,8543.0,8400.0,8471.62,20902.299752
17/11/2019,8502.4,8635.0,8350.68,8490.74,27009.037082
18/11/2019,8187.17,8503.52,8060.0,8502.87,43017.69094
19/11/2019,8133.64,8218.63,8003.0,8186.5,43556.061025
20/11/2019,8098.01,8264.29,8038.4,8133.83,32466.23098
21/11/2019,7627.74,8134.73,7500.0,8098.56,58418.780261
22/11/2019,7268.23,7750.0,6790.0,7627.79,126603.140259
23/11/2019,7311.57,7344.48,7080.01,7268.23,50449.894755
24/11/2019,6903.28,7330.39,6861.0,7311.1,67890.206483
25/11/2019,7109.57,7377.69,6515.0,6900.23,119645.735197
26/11/2019,7156.14,7340.0,7017.48,7109.99,65722.39769
27/11/2019,7508.52,7655.0,6840.0,7154.75,92452.87349
28/11/2019,7419.49,7643.0,7360.0,7507.9,56933.981109
29/11/2019,7739.68,7850.0,7362.3,7418.52,60745.300873
30/11/2019,7541.89,7810.0,7441.0,7740.99,46989.433619
01/12/2019,7390.89,7541.85,7210.0,7540.63,60769.342313
02/12/2019,7294.28,7420.56,7151.1,7391.5,46330.25604
03/12/2019,7292.71,7400.0,7241.35,7294.42,33149.477487
04/12/2019,7194.32,7750.0,7067.0,7292.71,83153.701586
05/12/2019,7389.0,7485.0,7150.0,7194.59,59306.678855
06/12/2019,7527.47,7590.03,7305.0,7389.0,48189.087944
07/12/2019,7488.21,7619.62,7470.16,7527.8,31498.684173
08/12/2019,7510.11,7564.0,7374.86,7487.31,29856.897631
09/12/2019,7338.64,7650.0,7273.0,7510.11,46621.887493
10/12/2019,7224.13,7407.6,7157.1,7338.64,49723.76214
11/12/2019,7210.0,7275.5,7125.66,7224.15,30093.091944
12/12/2019,7198.08,7295.0,7080.3,7210.0,42288.600932
13/12/2019,7258.48,7309.05,7190.76,7197.76,27609.873795
14/12/2019,7064.05,7271.77,7012.0,7257.37,29561.985967
15/12/2019,7118.59,7200.3,7008.35,7064.14,26395.778137
16/12/2019,6891.72,7150.0,6836.0,7119.6,43863.993059
17/12/2019,6623.82,6942.21,6560.0,6891.44,53865.069929
18/12/2019,7277.83,7440.0,6435.0,6623.84,95636.651251
19/12/2019,7150.3,7380.0,7038.31,7277.83,55509.049075
20/12/2019,7187.83,7220.0,7079.5,7151.31,32132.069205
21/12/2019,7132.75,7190.58,7105.0,7188.01,19467.174028
22/12/2019,7501.44,7518.54,7122.47,7131.59,39137.45515
23/12/2019,7317.09,7695.38,7265.84,7500.71,68051.997203
24/12/2019,7255.77,7436.68,7157.04,7317.3,43629.494188
25/12/2019,7204.63,7271.77,7128.86,7255.77,27492.044323
26/12/2019,7202.0,7435.0,7157.12,7205.01,36259.761076
27/12/2019,7254.74,7275.86,7076.42,7202.0,33642.701861
28/12/2019,7316.14,7365.01,7238.67,7254.77,26848.982199
29/12/2019,7388.24,7528.45,7288.0,7315.36,31387.106085
30/12/2019,7246.0,7408.24,7220.0,7388.43,29605.911782
31/12/2019,7195.23,7320.0,7145.01,7246.0,25954.453533
01/01/2020,7200.85,7255.0,7175.15,7195.24,16792.388165
02/01/2020,6965.71,7212.5,6924.74,7200.77,31951.483932
03/01/2020,7344.96,7405.0,6871.04,6965.49,68428.500451
04/01/2020,7354.11,7404.0,7272.21,7345.0,29987.974977
05/01/2020,7358.75,7495.0,7318.0,7354.19,38331.085604
06/01/2020,7758.0,7795.34,7346.76,7357.64,54635.695316
07/01/2020,8145.28,8207.68,7723.71,7758.9,91171.684661
08/01/2020,8055.98,8455.0,7870.0,8145.92,112622.64264
09/01/2020,7817.76,8055.96,7750.0,8054.72,64239.51983
10/01/2020,8197.02,8199.0,7672.0,7817.74,82406.777448
11/01/2020,8020.01,8286.34,8003.16,8198.86,54810.032667
12/01/2020,8184.98,8197.0,7960.0,8020.01,38131.494336
13/01/2020,8110.34,8196.0,8055.89,8184.97,31159.755683
14/01/2020,8810.01,8880.0,8105.54,8110.34,120399.126742
15/01/2020,8821.41,8916.48,8564.0,8814.64,84816.297606
16/01/2020,8720.01,8859.81,8586.0,8820.01,51991.074284
17/01/2020,8913.28,9041.65,8672.44,8720.15,70897.737377
18/01/2020,8915.96,8988.88,8806.38,8913.27,38294.746545
19/01/2020,8701.7,9198.98,8466.0,8915.09,70676.889259
20/01/2020,8642.35,8746.99,8521.28,8701.72,38896.639746
21/01/2020,8736.03,8789.0,8488.0,8642.35,36494.687659
22/01/2020,8682.36,8818.0,8590.0,8736.04,29080.557138
23/01/2020,8404.52,8691.81,8306.39,8682.77,48165.944597
24/01/2020,8439.0,8528.02,8238.0,8404.52,41687.529529
25/01/2020,8340.58,8451.26,8254.9,8438.99,25521.157932
26/01/2020,8615.0,8618.13,8293.66,8340.01,31130.485164
27/01/2020,8907.57,9000.0,8535.0,8614.39,53973.542996
28/01/2020,9374.21,9400.0,8862.4,8907.57,74584.853765
29/01/2020,9301.53,9449.24,9216.0,9375.34,53864.065122
30/01/2020,9513.21,9578.0,9204.44,9301.57,60626.744259
31/01/2020,9352.89,9530.22,9210.01,9511.52,45552.022352
01/02/2020,9384.61,9464.53,9281.0,9351.71,28578.067354
02/02/2020,9331.51,9477.03,9120.0,9384.41,45690.91254
03/02/2020,9292.24,9618.79,9234.0,9331.59,50892.133451
04/02/2020,9197.02,9350.0,9093.01,9291.35,53308.175266
05/02/2020,9612.04,9744.45,9177.22,9197.02,64870.415615
06/02/2020,9772.0,9862.57,9526.35,9612.03,64949.706588
07/02/2020,9813.73,9885.0,9730.0,9772.0,43966.114632
08/02/2020,9895.05,9940.0,9667.11,9813.87,43600.843666
09/02/2020,10151.75,10166.0,9880.75,9895.04,43408.475616
10/02/2020,9851.83,10188.0,9756.0,10151.72,59573.084619
11/02/2020,10223.08,10323.59,9700.0,9851.74,62422.395224
12/02/2020,10326.46,10450.0,10223.08,10223.08,61008.06393
13/02/2020,10229.63,10500.0,10080.0,10325.33,79344.358759
14/02/2020,10344.36,10381.56,10111.37,10227.78,47038.480173
15/02/2020,9904.72,10375.0,9801.0,10344.36,57657.202947
16/02/2020,9917.27,10050.0,9638.12,9904.46,60023.999537
17/02/2020,9706.0,9964.16,9452.67,9910.7,70261.011901
18/02/2020,10164.71,10250.0,9576.01,9706.0,70604.124019
19/02/2020,9593.79,10250.0,9350.0,10164.78,55162.586895
20/02/2020,9596.42,9699.0,9400.0,9594.65,60152.342914
21/02/2020,9677.05,9755.51,9550.21,9597.21,42181.554524
22/02/2020,9650.86,9709.17,9560.02,9677.05,24636.757623
23/02/2020,9936.4,9990.0,9645.0,9650.85,37702.089843
24/02/2020,9656.13,9990.0,9473.56,9936.4,55796.59612
25/02/2020,9315.84,9675.0,9250.0,9655.52,54379.344552
26/02/2020,8785.25,9377.44,8633.63,9316.48,92130.345482
27/02/2020,8823.21,8971.77,8531.0,8786.0,72483.578762
28/02/2020,8692.91,8900.0,8445.0,8823.25,71155.208977
29/02/2020,8523.61,8790.0,8523.55,8690.8,36748.183035
01/03/2020,8531.88,8750.0,8411.0,8523.61,43892.201779
02/03/2020,8915.24,8965.75,8498.0,8530.3,60401.31773
03/03/2020,8760.07,8919.65,8651.0,8911.18,55154.997282
04/03/2020,8750.87,8848.29,8660.0,8760.07,38696.482578
05/03/2020,9054.68,9159.42,8746.54,8750.99,58201.866355
06/03/2020,9131.88,9170.0,8985.5,9054.64,43782.948044
07/03/2020,8886.66,9188.0,8835.0,9130.89,45422.204525
08/03/2020,8033.31,8886.76,8000.0,8885.25,77537.315166
09/03/2020,7929.87,8179.31,7632.01,8034.76,116968.863268
10/03/2020,7894.56,8149.0,7728.01,7929.87,86783.443875
11/03/2020,7934.52,7980.0,7590.0,7894.57,79942.411172
12/03/2020,4800.0,7966.17,4410.0,7934.58,261505.608653
13/03/2020,5578.6,5955.0,3782.13,4800.01,402201.673764
14/03/2020,5172.06,5640.52,5055.13,5576.05,136910.135974
15/03/2020,5361.3,5940.0,5093.1,5172.48,139916.146534
16/03/2020,5028.97,5365.42,4442.12,5360.33,227276.92276
17/03/2020,5312.64,5525.0,4921.45,5028.86,150089.926318
18/03/2020,5393.04,5436.17,5009.37,5312.64,137127.634894
19/03/2020,6162.37,6400.0,5252.53,5393.26,199020.873439
20/03/2020,6208.36,6900.0,5670.0,6162.05,219298.329514
21/03/2020,6186.98,6456.98,5860.02,6204.57,128913.668363
22/03/2020,5816.19,6407.87,5734.01,6187.04,119115.990527
23/03/2020,6467.31,6600.0,5688.0,5816.05,164674.215785
24/03/2020,6744.72,6833.0,6371.33,6465.25,151138.009878
25/03/2020,6677.43,6957.96,6450.0,6744.69,132155.734989
26/03/2020,6737.36,6780.0,6510.0,6677.42,83026.555211
27/03/2020,6359.11,6842.59,6261.0,6737.27,82914.968354
28/03/2020,6236.65,6360.0,6024.0,6359.11,93159.693429
29/03/2020,5881.42,6266.0,5866.56,6236.65,63311.627714
30/03/2020,6394.38,6599.0,5857.76,5880.5,118889.549992
31/03/2020,6410.44,6523.23,6321.4,6394.45,72337.595259
01/04/2020,6642.92,6679.94,6150.11,6412.14,97500.7524
02/04/2020,6794.09,7198.0,6551.0,6643.36,149299.906871
03/04/2020,6734.1,7048.0,6602.1,6793.86,104080.276939
04/04/2020,6856.99,6990.41,6650.01,6732.97,72990.861139
05/04/2020,6772.78,6895.54,6677.52,6857.41,49685.356983
06/04/2020,7329.9,7355.14,6765.0,6772.78,118052.000832
07/04/2020,7197.32,7459.69,7077.0,7329.9,103585.168918
08/04/2020,7361.28,7420.0,7150.0,7197.32,76059.145838
09/04/2020,7283.54,7371.92,7108.08,7360.26,61094.872417
10/04/2020,6858.92,7295.75,6739.98,7283.54,104674.623375
11/04/2020,6876.83,6944.3,6760.0,6858.92,45470.293206
12/04/2020,6903.79,7177.0,6780.0,6876.84,73868.666501
13/04/2020,6837.91,6903.79,6575.0,6903.79,96415.476573
14/04/2020,6868.7,6978.0,6754.28,6838.04,69068.623285
15/04/2020,6621.24,6933.0,6605.0,6868.57,61571.384994
16/04/2020,7101.94,7190.0,6468.27,6621.25,125009.857539
17/04/2020,7027.55,7148.12,6972.98,7101.99,54126.509763
18/04/2020,7248.6,7293.08,7014.4,7026.78,49488.542819
19/04/2020,7120.74,7266.15,7055.6,7248.6,45664.86393
20/04/2020,6826.83,7220.0,6751.0,7121.4,90149.49137
21/04/2020,6841.37,6940.0,6762.0,6828.98,60109.710808
22/04/2020,7125.14,7156.38,6818.0,6841.36,61486.377334
23/04/2020,7482.39,7738.0,7020.0,7125.12,102773.569561
24/04/2020,7505.0,7615.96,7388.0,7483.96,60182.119939
25/04/2020,7538.67,7705.0,7431.07,7505.0,43874.427726
26/04/2020,7693.1,7700.0,7480.0,7539.03,50522.616209
27/04/2020,7774.62,7792.02,7606.0,7693.1,65441.339576
28/04/2020,7738.98,7780.0,7659.12,7773.51,46302.752638
29/04/2020,8778.57,8952.89,7710.05,7738.58,183546.887514
30/04/2020,8620.0,9460.0,8401.0,8778.58,206277.214124
01/05/2020,8826.96,9059.18,8613.56,8620.0,91468.815059
02/05/2020,8972.05,9010.0,8753.0,8825.67,59002.08755
03/05/2020,8894.16,9200.0,8712.0,8972.58,90126.065643
04/05/2020,8871.96,8950.0,8522.0,8894.15,84418.512331
05/05/2020,9021.83,9118.58,8760.0,8871.92,76480.765342
06/05/2020,9142.92,9395.0,8906.21,9021.36,105925.30242
07/05/2020,9986.4,10067.0,9021.0,9143.4,147154.611378
08/05/2020,9800.01,10035.96,9705.0,9986.3,100683.7964
09/05/2020,9539.4,9914.25,9520.0,9800.02,81950.679567
10/05/2020,8722.77,9574.83,8117.0,9539.1,183865.182028
11/05/2020,8561.52,9168.0,8200.0,8722.77,168807.251832
12/05/2020,8810.79,8978.26,8528.78,8562.04,86522.780066
13/05/2020,9309.37,9398.0,8792.99,8810.99,92466.274018
14/05/2020,9791.98,9939.0,9256.76,9309.35,129565.37747
15/05/2020,9316.42,9845.62,9150.0,9791.97,115890.761516
16/05/2020,9381.27,9588.0,9220.0,9315.96,59587.627862
17/05/2020,9680.04,9888.0,9322.1,9380.81,68647.764323
18/05/2020,9733.93,9950.0,9464.23,9681.11,82006.603583
19/05/2020,9775.53,9897.21,9474.0,9733.93,78539.760454
20/05/2020,9511.43,9842.0,9326.0,9775.13,74923.73809
21/05/2020,9068.65,9578.47,8815.0,9511.43,108928.780969
22/05/2020,9170.0,9271.0,8933.52,9067.51,58943.131024
23/05/2020,9179.15,9307.85,9070.0,9170.0,43526.296966
24/05/2020,8720.34,9298.0,8700.0,9179.01,70379.86645
25/05/2020,8900.35,8979.66,8642.72,8718.14,62833.910949
26/05/2020,8841.18,9017.67,8700.0,8900.35,58299.770138
27/05/2020,9204.07,9225.0,8811.73,8841.0,68910.355514
28/05/2020,9575.89,9625.47,9110.0,9204.07,74110.787662
29/05/2020,9427.07,9605.26,9330.0,9575.87,57374.362961
30/05/2020,9697.72,9740.0,9331.23,9426.6,55665.27254
31/05/2020,9448.27,9700.0,9381.41,9697.72,48333.786403
01/06/2020,10200.77,10380.0,9421.67,9448.27,76649.12696
02/06/2020,9518.04,10228.99,9266.0,10202.71,108970.773151
03/06/2020,9666.24,9690.0,9365.21,9518.02,46252.644939
04/06/2020,9789.06,9881.63,9450.0,9666.32,57456.100969
05/06/2020,9621.16,9854.75,9581.0,9788.14,47788.05005
06/06/2020,9666.3,9735.0,9531.05,9621.17,32752.950893
07/06/2020,9746.99,9802.0,9372.46,9666.85,57952.848385
08/06/2020,9782.01,9800.0,9633.0,9746.99,40664.664125
09/06/2020,9772.43,9877.0,9570.0,9782.0,46024.001289
10/06/2020,9885.0,9992.72,9704.18,9772.44,47130.762982
11/06/2020,9280.4,9964.0,9113.0,9885.22,94418.98473
12/06/2020,9465.13,9557.12,9232.51,9278.88,50119.066932
13/06/2020,9473.34,9494.73,9351.0,9464.96,27759.784851
14/06/2020,9342.1,9480.99,9245.0,9473.34,30055.506608
15/06/2020,9426.02,9495.0,8910.45,9342.1,86107.924707
16/06/2020,9525.59,9589.0,9373.09,9426.05,52052.446927
17/06/2020,9465.14,9565.0,9236.61,9526.97,48046.411152
18/06/2020,9386.32,9489.0,9280.0,9465.13,37381.953765
19/06/2020,9310.23,9438.3,9215.79,9386.32,45330.983673
20/06/2020,9358.95,9395.0,9170.95,9310.23,30329.065384
21/06/2020,9294.69,9422.0,9281.54,9358.95,24316.926234
22/06/2020,9685.69,9780.0,9277.09,9294.69,57895.468343
23/06/2020,9624.89,9720.0,9577.03,9685.69,41031.02938
24/06/2020,9296.49,9670.0,9208.0,9624.33,61571.561464
25/06/2020,9249.49,9340.0,9009.69,9298.33,55831.619156
26/06/2020,9162.21,9298.0,9045.45,9249.49,50292.298277
27/06/2020,9012.0,9196.24,8833.0,9162.21,46290.930113
28/06/2020,9116.35,9191.0,8948.06,9012.0,30688.176421
29/06/2020,9192.56,9238.0,9024.67,9116.16,42120.293261
30/06/2020,9138.55,9205.0,9064.89,9192.93,31463.162801
01/07/2020,9232.0,9292.0,9080.1,9138.08,38488.528699
02/07/2020,9086.54,9261.96,8940.0,9231.99,45725.168076
03/07/2020,9058.26,9125.0,9037.47,9086.54,28943.420177
04/07/2020,9135.46,9190.0,9040.04,9057.79,26441.968484
05/07/2020,9069.41,9145.24,8893.03,9135.0,34073.653627
06/07/2020,9344.2,9375.0,9055.92,9069.41,54463.132277
07/07/2020,9257.39,9379.42,9203.0,9342.47,34587.336678
08/07/2020,9436.06,9470.0,9231.0,9257.4,56140.517781
09/07/2020,9232.43,9440.79,9160.0,9436.06,48044.450645
10/07/2020,9288.34,9317.48,9125.0,9232.42,38295.494006
11/07/2020,9234.03,9299.28,9178.25,9288.34,22561.366
12/07/2020,9302.75,9345.0,9157.5,9234.02,30872.702286
13/07/2020,9242.62,9343.82,9200.89,9303.31,42740.069115
14/07/2020,9255.85,9279.54,9113.0,9242.61,45772.552509
15/07/2020,9197.6,9276.49,9160.57,9255.85,39053.579665
16/07/2020,9133.72,9226.15,9047.25,9197.6,43375.571191
17/07/2020,9154.32,9186.83,9089.81,9133.72,28054.358741
18/07/2020,9170.28,9219.3,9121.1,9154.31,22554.541457
19/07/2020,9208.99,9232.27,9101.35,9170.3,26052.019417
20/07/2020,9160.78,9221.52,9131.0,9208.99,35458.764082
21/07/2020,9390.0,9437.73,9152.8,9160.78,60413.582486
22/07/2020,9518.16,9544.0,9261.0,9390.0,48815.004107
23/07/2020,9603.27,9664.0,9440.33,9518.16,51856.2335
24/07/2020,9537.8,9637.0,9463.44,9603.27,43931.136205
25/07/2020,9700.42,9732.9,9513.0,9538.1,40679.545416
26/07/2020,9931.54,10111.0,9650.0,9700.42,65279.269319
27/07/2020,11029.96,11394.86,9917.21,9931.54,150188.933144
28/07/2020,10906.27,11242.23,10565.0,11029.96,97267.734187
29/07/2020,11100.53,11342.82,10812.0,10906.27,76838.094233
30/07/2020,11099.61,11170.0,10831.0,11100.52,60794.826456
31/07/2020,11335.46,11444.0,10960.0,11099.79,70063.660974
01/08/2020,11801.17,11861.0,11220.0,11335.46,85087.485126
02/08/2020,11071.35,12123.46,10518.5,11801.17,97553.077604
03/08/2020,11219.81,11473.0,10936.0,11071.36,56931.841475
04/08/2020,11191.97,11414.98,11000.0,11219.68,58629.113709
05/08/2020,11744.91,11780.93,11093.0,11191.99,74970.256852
06/08/2020,11762.46,11900.0,11562.5,11744.91,63529.08502
07/08/2020,11594.23,11909.94,11322.0,11762.47,65755.926022
08/08/2020,11761.41,11808.27,11512.0,11594.36,41858.16104
09/08/2020,11681.68,11797.11,11521.97,11761.02,41493.067342
10/08/2020,11892.92,12067.35,11450.0,11681.69,84952.337887
11/08/2020,11392.08,11935.0,11125.0,11892.9,90748.284634
12/08/2020,11564.33,11617.52,11150.0,11392.09,64909.613644
13/08/2020,11780.0,11792.96,11270.36,11564.34,70132.491502
14/08/2020,11760.54,11850.0,11634.03,11779.77,59818.852697
15/08/2020,11852.4,11980.0,11680.0,11760.55,56237.90505
16/08/2020,11911.0,11931.72,11686.0,11852.4,41368.236906
17/08/2020,12281.13,12468.0,11769.78,11910.99,84734.21154
18/08/2020,11945.01,12387.77,11817.93,12281.15,75923.835527
19/08/2020,11754.59,12020.08,11561.0,11945.1,73940.169606
20/08/2020,11853.55,11888.0,11668.0,11754.38,46085.254351
21/08/2020,11531.34,11878.0,11485.81,11853.54,64448.306142
22/08/2020,11662.96,11686.0,11376.81,11531.23,43678.701646
23/08/2020,11648.13,11718.07,11514.13,11663.51,37900.00469
24/08/2020,11748.2,11824.9,11585.09,11648.12,46212.391867
25/08/2020,11318.42,11767.85,11117.64,11748.19,69590.923272
26/08/2020,11461.43,11539.32,11244.0,11318.42,53998.231231
27/08/2020,11330.38,11592.2,11125.0,11461.42,63246.036383
28/08/2020,11526.91,11542.65,11276.89,11330.38,45953.908365
29/08/2020,11465.84,11580.02,11417.04,11526.9,32973.7992
30/08/2020,11711.16,11719.0,11458.0,11465.84,43177.879054
31/08/2020,11649.51,11800.77,11570.0,11711.17,55353.617744
01/09/2020,11921.97,12050.85,11515.0,11649.51,78148.193668
02/09/2020,11388.54,11954.57,11160.1,11921.97,87221.845602
03/09/2020,10140.85,11462.6,9960.8,11388.54,121950.106015
04/09/2020,10446.25,10627.05,9875.5,10138.29,92733.599113
05/09/2020,10166.69,10565.68,9825.0,10446.25,90001.605568
06/09/2020,10256.2,10347.14,9994.86,10166.69,56368.788815
07/09/2020,10373.44,10410.75,9875.0,10255.89,62620.230676
08/09/2020,10126.65,10438.0,9850.0,10373.45,73491.878418
09/09/2020,10219.2,10343.0,9981.01,10126.66,49347.113776
10/09/2020,10336.87,10483.35,10070.83,10219.29,58253.75375
11/09/2020,10387.89,10397.6,10200.0,10336.86,43830.254467
12/09/2020,10440.92,10477.97,10269.25,10387.89,35379.153096
13/09/2020,10332.83,10580.11,10200.0,10440.67,43837.609865
14/09/2020,10671.77,10750.0,10212.34,10332.84,67059.291361
15/09/2020,10785.31,10930.04,10606.48,10671.77,61822.452786
16/09/2020,10954.01,11093.0,10661.22,10785.23,64991.51244
17/09/2020,10939.99,11045.46,10745.83,10954.01,55601.614529
18/09/2020,10933.39,11038.03,10812.84,10940.0,47266.728275
19/09/2020,11080.65,11179.79,10887.37,10933.4,38440.036858
20/09/2020,10920.28,11080.64,10723.0,11080.64,39157.922565
21/09/2020,10417.22,10988.86,10296.35,10920.28,70683.431179
22/09/2020,10529.61,10572.71,10353.0,10417.22,43991.235476
23/09/2020,10241.46,10537.15,10136.82,10529.61,51876.568079
24/09/2020,10736.32,10795.24,10190.93,10241.46,57676.619427
25/09/2020,10686.67,10760.53,10556.24,10736.33,48101.117008
26/09/2020,10728.6,10820.94,10644.68,10686.57,28420.836659
27/09/2020,10774.25,10799.0,10594.82,10728.59,30549.483253
28/09/2020,10696.12,10950.0,10626.0,10774.26,50095.251734
29/09/2020,10840.48,10867.54,10635.87,10696.11,41874.898399
30/09/2020,10776.59,10849.34,10665.13,10840.58,39596.027322
01/10/2020,10619.13,10920.0,10437.0,10776.59,60866.332893
02/10/2020,10570.4,10664.64,10374.0,10619.13,50130.393705
03/10/2020,10542.06,10603.56,10496.46,10570.4,22298.221341
04/10/2020,10666.63,10696.87,10517.87,10542.07,23212.001595
05/10/2020,10792.21,10798.0,10615.64,10666.62,34025.761653
06/10/2020,10599.66,10800.0,10525.0,10792.2,48674.740471
07/10/2020,10666.39,10681.87,10546.17,10599.65,32811.990279
08/10/2020,10925.57,10950.0,10530.41,10666.4,51959.691572
09/10/2020,11050.64,11104.64,10829.0,10925.44,48240.073237
10/10/2020,11293.22,11491.0,11050.51,11050.64,43648.036943
11/10/2020,11369.02,11445.0,11221.0,11293.22,29043.851339
12/10/2020,11528.25,11720.01,11172.0,11369.02,52825.28371
13/10/2020,11420.56,11557.0,11300.0,11528.24,42205.283709
14/10/2020,11417.89,11547.98,11280.0,11420.57,41415.106015
15/10/2020,11505.12,11617.34,11250.83,11417.89,48760.717679
16/10/2020,11319.32,11541.15,11200.0,11505.13,48797.749502
17/10/2020,11360.2,11402.42,11255.0,11319.24,22368.915241
18/10/2020,11503.14,11505.0,11346.22,11360.31,23284.041191
19/10/2020,11751.47,11823.99,11407.96,11503.14,47414.534692
20/10/2020,11909.99,12038.38,11677.59,11751.46,62134.750663
21/10/2020,12780.96,13217.68,11886.95,11910.0,114584.456767
22/10/2020,12968.52,13185.0,12678.08,12780.75,70038.824144
23/10/2020,12923.07,13027.69,12720.08,12968.84,50386.999841
24/10/2020,13111.73,13166.73,12870.0,12923.06,35952.20907
25/10/2020,13028.83,13350.0,12888.0,13111.73,38481.579504
26/10/2020,13052.19,13238.81,12765.0,13029.64,60951.672986
27/10/2020,13636.17,13789.29,13019.87,13052.15,80811.01945
28/10/2020,13266.4,13859.48,12888.0,13636.16,94440.561226
29/10/2020,13455.7,13642.91,12920.77,13266.4,74872.602132
30/10/2020,13560.1,13669.98,13115.0,13455.69,70657.778881
31/10/2020,13791.0,14100.0,13411.5,13560.1,67339.238515
01/11/2020,13761.5,13895.0,13603.0,13791.0,36285.648526
02/11/2020,13549.37,13830.0,13195.05,13761.49,64566.421908
03/11/2020,14023.53,14066.11,13284.99,13549.63,74115.630787
04/11/2020,14144.01,14259.0,13525.0,14023.53,93016.988262
05/11/2020,15590.02,15750.0,14093.56,14144.01,143741.522673
06/11/2020,15579.92,15960.0,15166.0,15590.02,122618.197695
07/11/2020,14818.3,15753.52,14344.22,15579.93,101431.206553
08/11/2020,15475.1,15650.0,14703.88,14818.3,65547.178574
09/11/2020,15328.41,15840.0,14805.54,15475.1,108976.334134
10/11/2020,15297.21,15460.0,15072.46,15328.41,61681.919606
11/11/2020,15684.24,15965.0,15272.68,15297.21,78469.746458
12/11/2020,16291.86,16340.7,15440.64,15684.25,102196.356592
13/11/2020,16320.7,16480.0,15952.35,16291.85,75691.881014
14/11/2020,16070.45,16326.99,15670.0,16320.04,59116.347179
15/11/2020,15957.0,16180.0,15774.72,16069.56,43596.841513
16/11/2020,16713.57,16880.0,15864.0,15957.0,81300.675924
17/11/2020,17659.38,17858.82,16538.0,16713.08,115221.403102
18/11/2020,17776.12,18476.93,17214.45,17659.38,149019.788134
19/11/2020,17802.82,18179.8,17335.65,17777.75,93009.561008
20/11/2020,18655.67,18815.22,17740.04,17802.81,88423.018489
21/11/2020,18703.8,18965.9,18308.58,18655.66,75577.458394
22/11/2020,18414.43,18750.0,17610.86,18703.8,81645.737778
23/11/2020,18368.0,18766.0,18000.0,18413.88,82961.506093
24/11/2020,19160.01,19418.97,18018.0,18368.01,113581.509241
25/11/2020,18719.11,19484.21,18500.27,19160.0,93266.576887
26/11/2020,17149.47,18915.03,16188.0,18718.83,181005.246693
27/11/2020,17139.52,17457.62,16438.08,17149.47,85297.024787
28/11/2020,17719.85,17880.49,16865.56,17139.53,64910.69997
29/11/2020,18184.99,18360.05,17517.0,17719.84,55329.016303
30/11/2020,19695.87,19863.16,18184.99,18185.0,115463.466888
01/12/2020,18764.96,19888.0,18001.12,19695.87,127698.762652
02/12/2020,19204.09,19342.0,18330.0,18764.96,75911.013478
03/12/2020,19421.9,19598.0,18867.2,19204.08,66689.391279
04/12/2020,18650.52,19527.0,18565.31,19422.34,71283.6682
05/12/2020,19147.66,19177.0,18500.0,18650.51,42922.748573
06/12/2020,19359.4,19420.0,18857.0,19147.66,37043.091861
07/12/2020,19166.9,19420.91,18902.88,19358.67,41372.296293
08/12/2020,18324.11,19294.84,18200.0,19166.9,61626.947614
09/12/2020,18541.28,18639.57,17650.0,18324.11,79585.553801
10/12/2020,18254.63,18557.32,17911.12,18541.29,52890.675094
11/12/2020,18036.53,18292.73,17572.33,18254.81,72610.724259
12/12/2020,18808.69,18948.66,18020.7,18036.53,49519.978432
13/12/2020,19174.99,19411.0,18711.12,18808.69,56560.821744
14/12/2020,19273.14,19349.0,19000.0,19174.99,47257.201294
15/12/2020,19426.43,19570.0,19050.0,19273.69,61834.366011
16/12/2020,21335.52,21560.0,19278.6,19426.43,114306.33557
17/12/2020,22797.16,23800.0,21230.0,21335.52,184882.476748
18/12/2020,23107.39,23285.18,22350.0,22797.15,79646.134315
19/12/2020,23821.61,24171.47,22750.0,23107.39,86045.064677
20/12/2020,23455.52,24295.0,23060.0,23821.6,76690.145685
21/12/2020,22719.71,24102.77,21815.0,23455.54,88030.297243
22/12/2020,23810.79,23837.1,22353.4,22719.88,87033.12616
23/12/2020,23232.76,24100.0,22600.0,23810.79,119047.259733
24/12/2020,23729.2,23794.43,22703.42,23232.39,69013.834252
25/12/2020,24712.47,24789.86,23433.6,23728.99,79519.943569
26/12/2020,26493.39,26867.03,24500.0,24712.47,97806.513386
27/12/2020,26281.66,28422.0,25700.0,26493.4,148455.586214
28/12/2020,27079.41,27500.0,26101.0,26281.54,79721.742496
29/12/2020,27385.0,27410.0,25880.0,27079.42,69411.592606
30/12/2020,28875.54,28996.0,27320.0,27385.0,95356.057826
31/12/2020,28923.63,29300.0,27850.0,28875.55,75508.505152
01/01/2021,29331.69,29600.0,28624.57,28923.63,54182.925011
02/01/2021,32178.33,33300.0,28946.53,29331.7,129993.873362
03/01/2021,33000.05,34778.11,31962.99,32176.45,120957.56675
04/01/2021,31988.71,33600.0,28130.0,33000.05,140899.88569
05/01/2021,33949.53,34360.0,29900.0,31989.75,116049.997038
06/01/2021,36769.36,36939.21,33288.0,33949.53,127139.20131
07/01/2021,39432.28,40365.0,36300.0,36769.36,132825.700437
08/01/2021,40582.81,41950.0,36500.0,39432.48,139789.957499
09/01/2021,40088.22,41380.0,38720.0,40586.96,75785.979675
10/01/2021,38150.02,41350.0,35111.11,40088.22,118209.544503
11/01/2021,35404.47,38264.74,30420.0,38150.02,251156.138287
12/01/2021,34051.24,36628.0,32531.0,35410.37,133948.151996
13/01/2021,37371.38,37850.0,32380.0,34049.15,124477.914938
14/01/2021,39144.5,40100.0,36701.23,37371.38,102950.389421
15/01/2021,36742.22,39747.76,34408.0,39145.21,118300.920916
16/01/2021,35994.98,37950.0,35357.8,36737.43,86348.431508
17/01/2021,35828.61,36852.5,33850.0,35994.98,80157.727384
18/01/2021,36631.27,37469.83,34800.0,35824.99,70698.11875
19/01/2021,35891.49,37850.0,35844.06,36622.46,79611.307769
20/01/2021,35468.23,36415.31,33400.0,35901.94,89368.422918
21/01/2021,30850.13,35600.0,30071.0,35468.23,135004.076658
22/01/2021,32945.17,33826.53,28850.0,30851.99,142971.684049
23/01/2021,32078.0,33456.0,31390.16,32950.0,64595.287675
24/01/2021,32259.9,33071.0,30900.0,32078.0,57978.037966
25/01/2021,32254.2,34875.0,31910.0,32259.45,88499.226921
26/01/2021,32467.77,32921.88,30837.37,32254.19,84972.20691
27/01/2021,30366.15,32557.29,29241.72,32464.01,95911.961711
28/01/2021,33364.86,33783.98,29842.1,30362.19,92621.145617
29/01/2021,34252.2,38531.9,31915.4,33368.18,231827.005626
30/01/2021,34262.88,34933.0,32825.0,34246.28,84889.68134
31/01/2021,33092.98,34342.69,32171.67,34262.89,68742.280384
01/02/2021,33526.37,34717.27,32296.16,33092.97,82718.276882
02/02/2021,35466.24,35984.33,33418.0,33517.09,78056.65988
03/02/2021,37618.87,37662.63,35362.38,35472.71,80784.333663
04/02/2021,36936.66,38708.27,36161.95,37620.26,92080.735898
05/02/2021,38290.24,38310.12,36570.0,36936.65,66681.334275
06/02/2021,39186.94,40955.51,38215.94,38289.32,98757.311183
07/02/2021,38795.69,39700.0,37351.0,39181.01,84363.679763
08/02/2021,46374.87,46794.45,37988.89,38795.69,138597.536914
09/02/2021,46420.42,48142.19,44961.09,46374.86,115499.861712
10/02/2021,44807.58,47310.0,43727.0,46420.42,97154.1822
11/02/2021,47969.51,48678.9,43994.02,44807.58,89561.081454
12/02/2021,47287.6,48985.8,46125.0,47968.66,85870.035697
13/02/2021,47153.69,48150.0,46202.53,47298.15,63768.097399
14/02/2021,48577.79,49707.43,47014.17,47156.78,73735.475533
15/02/2021,47911.1,49010.92,45570.79,48580.47,79398.156784
16/02/2021,49133.45,50689.18,47003.62,47911.1,88813.266298
17/02/2021,52119.71,52618.74,48947.0,49133.45,85743.637818
18/02/2021,51552.6,52530.0,50901.9,52117.67,60758.046954
19/02/2021,55906.0,56368.0,50710.2,51552.61,79659.77802
20/02/2021,55841.19,57700.46,53863.93,55906.0,80948.205314
21/02/2021,57408.57,58352.8,55477.59,55841.19,58166.708511
22/02/2021,54087.67,57508.47,47622.0,57412.35,134019.434944
23/02/2021,48891.0,54183.59,44892.56,54087.67,169375.025051
24/02/2021,49676.2,51374.99,46988.69,48891.0,91881.209252
25/02/2021,47073.73,52041.73,46674.34,49676.21,83310.673121
26/02/2021,46276.87,48424.11,44106.78,47073.73,109423.200663
27/02/2021,46106.43,48394.0,45000.0,46276.88,66060.834292
28/02/2021,45135.66,46638.46,43000.0,46103.67,83055.369042
01/03/2021,49587.03,49790.0,44950.53,45134.11,85086.111648
02/03/2021,48440.65,50200.0,47047.6,49595.76,64221.06214
03/03/2021,50349.37,52640.0,48100.71,48436.61,81035.913705
04/03/2021,48374.09,51773.88,47500.0,50349.37,82649.716829
05/03/2021,48751.71,49448.93,46300.0,48374.09,78192.496372
06/03/2021,48882.2,49200.0,47070.0,48746.81,44399.234242
07/03/2021,50971.75,51450.03,48882.2,48882.2,55235.028032
08/03/2021,52375.17,52402.78,49274.67,50959.11,66987.359664
09/03/2021,54884.5,54895.0,51789.41,52375.18,71656.737076
10/03/2021,55851.59,57387.69,53005.0,54874.67,84749.238943
11/03/2021,57773.16,58150.0,54272.82,55851.59,81914.812859
12/03/2021,57221.72,58081.51,54962.84,57773.15,73405.406047
13/03/2021,61188.39,61844.0,56078.23,57221.72,83245.091346
14/03/2021,58968.31,61724.79,58966.78,61188.38,52601.05275
15/03/2021,55605.2,60633.43,54600.0,58976.08,102771.427298
16/03/2021,56900.75,56938.29,53271.34,55605.2,77986.694355
17/03/2021,58912.97,58974.73,54123.69,56900.74,70421.620841
18/03/2021,57648.16,60129.97,57023.0,58912.97,66580.406675
19/03/2021,58030.01,59468.0,56270.74,57641.0,52392.652961
20/03/2021,58102.28,59880.0,57820.17,58030.01,44476.941776
21/03/2021,57351.56,58589.1,55450.11,58100.02,48564.470274
22/03/2021,54083.25,58430.73,53650.0,57351.56,62581.626169
23/03/2021,54340.89,55830.9,53000.0,54083.25,59789.365427
24/03/2021,52303.65,57200.0,51700.0,54342.8,83537.465021
25/03/2021,51293.78,53287.0,50427.56,52303.66,87400.534538
26/03/2021,55025.59,55073.46,51214.6,51293.78,63813.774692
27/03/2021,55817.14,56700.36,53950.0,55025.59,50105.475055
28/03/2021,55777.63,56559.75,54691.84,55817.14,39050.387511
29/03/2021,57635.47,58405.82,54800.01,55777.65,67857.937398
30/03/2021,58746.57,59368.0,57071.35,57635.46,55122.443122
31/03/2021,58740.55,59800.0,56769.0,58746.57,60975.542666
01/04/2021,58720.44,59490.0,57935.45,58739.46,47415.61722
02/04/2021,58950.01,60200.0,58428.57,58720.45,47382.418781
03/04/2021,57051.94,59791.72,56880.0,58950.01,47409.852113
04/04/2021,58202.01,58492.85,56388.0,57051.95,41314.081973
05/04/2021,59129.99,59272.0,56777.77,58202.01,54258.01579
06/04/2021,57991.15,59495.24,57413.02,59129.99,54201.000727
07/04/2021,55953.45,58655.0,55473.0,57990.03,71228.405659
08/04/2021,58077.52,58153.31,55700.0,55953.44,44283.147019
09/04/2021,58142.54,58894.9,57654.0,58077.52,40831.884911
10/04/2021,59769.13,61500.0,57900.01,58142.55,69906.424117
11/04/2021,60002.43,60699.0,59232.52,59769.13,41156.715391
12/04/2021,59860.0,61300.0,59350.59,59998.8,56375.037117
13/04/2021,63575.0,63777.77,59805.15,59860.01,82848.688746
14/04/2021,62959.53,64854.0,61301.0,63575.01,82616.343993
15/04/2021,63159.98,63800.0,62020.0,62959.53,51649.70034
16/04/2021,61334.8,63520.61,60000.0,63158.74,91764.139884
17/04/2021,60006.66,62506.05,59580.91,61334.81,58912.256128
18/04/2021,56150.01,60499.0,50931.3,60006.67,124882.131824
19/04/2021,55633.14,57526.81,54221.58,56150.01,78229.042267
20/04/2021,56425.0,57076.24,53329.96,55633.14,72744.482151
21/04/2021,53787.63,56757.91,53536.02,56425.0,66984.756909
22/04/2021,51690.96,55521.48,50500.0,53787.62,104656.631337
23/04/2021,51125.14,52131.85,47500.0,51690.95,132230.780719
24/04/2021,50047.84,51166.22,48657.14,51110.56,55361.512573
25/04/2021,49066.77,50567.91,46930.0,50047.84,58255.645004
26/04/2021,54001.39,54356.62,48753.44,49066.76,86310.802124
27/04/2021,55011.97,55460.0,53222.0,54001.38,54064.034675
28/04/2021,54846.22,56428.0,53813.16,55011.97,55130.459015
29/04/2021,53555.0,55195.84,52330.94,54846.23,52486.019455
30/04/2021,57694.27,57963.0,53013.01,53555.0,68578.910045
01/05/2021,57800.37,58458.07,56956.14,57697.25,42600.351836
02/05/2021,56578.21,57911.02,56035.25,57797.35,36812.878863
03/05/2021,57169.39,58981.44,56435.0,56578.21,57649.931286
04/05/2021,53200.01,57200.0,53046.69,57169.39,85324.625903
05/05/2021,57436.11,58069.82,52900.0,53205.05,77263.923439
06/05/2021,56393.68,58360.0,55200.0,57436.11,70181.671908
07/05/2021,57314.75,58650.0,55241.63,56393.68,74542.747829
08/05/2021,58862.05,59500.0,56900.0,57315.49,69709.906028
09/05/2021,58240.84,59300.0,56235.66,58866.53,69806.11991
10/05/2021,55816.14,59500.0,53400.0,58240.83,89586.34925
11/05/2021,56670.02,56862.43,54370.0,55816.14,64329.54055
12/05/2021,49631.32,58000.01,48600.0,56670.02,99842.789836
13/05/2021,49670.97,51367.19,46000.0,49537.15,147332.002121
14/05/2021,49841.45,51483.0,48799.75,49671.92,80082.204306
15/05/2021,46762.99,50700.0,46555.0,49844.16,89437.449359
16/05/2021,46431.5,49795.89,43825.39,46762.99,114269.812775
17/05/2021,43538.04,46686.0,42001.0,46426.83,166657.172736
18/05/2021,42849.78,45799.29,42250.02,43538.02,116979.860784
19/05/2021,36690.09,43584.9,30000.0,42849.78,354347.243161
20/05/2021,40526.64,42451.67,34850.0,36671.23,203017.596923
21/05/2021,37252.01,42200.0,33488.0,40525.39,202100.888258
22/05/2021,37449.73,38829.0,35200.62,37263.35,126542.243689
23/05/2021,34655.25,38270.64,31111.01,37458.51,217136.046593
24/05/2021,38796.29,39920.0,34031.0,34681.44,161630.893971
25/05/2021,38324.72,39791.77,36419.62,38810.99,111996.228404
26/05/2021,39241.91,40841.0,37800.44,38324.72,104780.773396
27/05/2021,38529.98,40411.14,37134.27,39241.92,86547.158794
28/05/2021,35663.49,38877.83,34684.0,38529.99,135377.62972
29/05/2021,34605.15,37338.58,33632.76,35661.79,112663.092689
30/05/2021,35641.27,36488.0,33379.0,34605.15,73535.386967
31/05/2021,37253.81,37499.0,34153.84,35641.26,94160.735289
01/06/2021,36693.09,37894.81,35666.0,37253.82,81234.66377
02/06/2021,37568.68,38225.0,35920.0,36694.85,67587.372495
03/06/2021,39246.79,39476.0,37170.0,37568.68,75889.106011
04/06/2021,36829.0,39289.07,35555.15,39246.78,91317.799245
05/06/2021,35513.2,37925.0,34800.0,36829.15,70459.62149
06/06/2021,35796.31,36480.0,35222.0,35516.07,47650.206637
07/06/2021,33552.79,36900.0,33300.0,35796.31,77574.952573
08/06/2021,33380.81,34068.01,31000.0,33556.96,123251.189037
09/06/2021,37388.05,37534.79,32396.82,33380.8,136607.597517
10/06/2021,36675.72,38491.0,35782.0,37388.05,109527.284943
11/06/2021,37331.98,37680.4,35936.77,36677.83,78466.0053
12/06/2021,35546.11,37463.63,34600.36,37331.98,87717.54999
13/06/2021,39020.57,39380.0,34757.0,35546.12,86921.025555
14/06/2021,40516.29,41064.05,38730.0,39020.56,108522.391949
15/06/2021,40144.04,41330.0,39506.4,40516.28,80679.622838
16/06/2021,38349.01,40527.14,38116.01,40143.8,87771.976937
17/06/2021,38092.97,39559.88,37365.0,38349.0,79541.307119
18/06/2021,35819.84,38202.84,35129.29,38092.97,95228.042935
19/06/2021,35483.72,36457.0,34803.52,35820.48,68712.449461
20/06/2021,35600.16,36137.72,33336.0,35483.72,89878.17085
21/06/2021,31608.93,35750.0,31251.23,35600.17,168778.873159
22/06/2021,32509.56,33298.78,28805.0,31614.12,204208.179762
23/06/2021,33678.07,34881.0,31683.0,32509.56,126966.100563
24/06/2021,34663.09,35298.0,32286.57,33675.07,86625.80426
25/06/2021,31584.45,35500.0,31275.0,34663.08,116061.130356
26/06/2021,32283.65,32730.0,30151.0,31576.09,107820.375287
27/06/2021,34700.34,34749.0,31973.45,32283.65,96613.244211
28/06/2021,34494.89,35297.71,33862.72,34702.49,82222.267819
29/06/2021,35911.73,36600.0,34225.43,34494.89,90788.79622
30/06/2021,35045.0,36100.0,34017.55,35911.72,77152.197634
01/07/2021,33504.69,35057.57,32711.0,35045.0,71708.266112
02/07/2021,33786.55,33977.04,32699.0,33502.33,56172.181378
03/07/2021,34669.13,34945.61,33316.73,33786.54,43044.578641
04/07/2021,35286.51,35967.85,34357.15,34669.12,43703.475789
05/07/2021,33690.14,35293.78,33125.55,35288.13,64123.874245
06/07/2021,34220.01,35118.88,33532.0,33690.15,58210.596349
07/07/2021,33862.12,35059.09,33777.77,34220.02,53807.521675
08/07/2021,32875.71,33929.64,32077.0,33862.11,70136.48032
09/07/2021,33815.81,34100.0,32261.07,32875.71,47153.939899
10/07/2021,33502.87,34262.0,33004.78,33815.81,34761.175468
11/07/2021,34258.99,34666.0,33306.47,33502.87,31572.647448
12/07/2021,33086.63,34678.43,32658.34,34259.0,48181.403762
13/07/2021,32729.77,33340.0,32202.25,33086.94,41126.361008
14/07/2021,32820.02,33114.03,31550.0,32729.12,46777.823484
15/07/2021,31880.0,33185.25,31133.0,32820.03,51639.576353
16/07/2021,31383.87,32249.18,31020.0,31874.49,48499.864154
17/07/2021,31520.07,31955.92,31164.31,31383.86,34012.242132
18/07/2021,31778.56,32435.0,31108.97,31520.07,35923.716186
19/07/2021,30839.65,31899.0,30407.44,31778.57,47340.468499
20/07/2021,29790.35,31063.07,29278.0,30839.65,61034.049017
21/07/2021,32144.51,32858.0,29482.61,29790.34,82796.265128
22/07/2021,32287.83,32591.35,31708.0,32144.51,46148.092433
23/07/2021,33634.09,33650.0,31924.32,32287.58,50112.863626
24/07/2021,34258.14,34500.0,33401.14,33634.1,47977.550138
25/07/2021,35381.02,35398.0,33851.12,34261.51,47852.928313
26/07/2021,37237.6,40550.0,35205.78,35381.02,152452.512724
27/07/2021,39457.87,39542.61,36383.0,37241.33,88397.267015
28/07/2021,40019.56,40900.0,38772.0,39456.61,101344.528441
29/07/2021,40016.48,40640.0,39200.0,40019.57,53998.439283
30/07/2021,42206.37,42316.71,38313.23,40018.49,73602.784805
31/07/2021,41461.83,42448.0,41000.15,42206.36,44849.791012
01/08/2021,39845.44,42599.0,39422.01,41461.84,53953.186326
02/08/2021,39147.82,40480.01,38690.0,39850.27,50837.351954
03/08/2021,38207.05,39780.0,37642.03,39146.86,57117.435853
04/08/2021,39723.18,39969.66,37508.56,38207.04,52329.35243
05/08/2021,40862.46,41350.0,37332.7,39723.17,84343.755621
06/08/2021,42836.87,43392.43,39853.86,40862.46,75753.941347
07/08/2021,44572.54,44700.0,42446.41,42836.87,73396.740808
08/08/2021,43794.37,45310.0,43261.0,44572.54,69329.092698
09/08/2021,46253.4,46454.15,42779.0,43794.36,74587.884845
10/08/2021,45584.99,46700.0,44589.46,46248.87,53814.643421
11/08/2021,45511.0,46743.47,45341.14,45585.0,52734.901977
12/08/2021,44399.0,46218.12,43770.0,45510.67,55266.108781
13/08/2021,47800.0,47886.0,44217.39,44400.06,48239.370431
14/08/2021,47068.51,48144.0,45971.03,47799.99,46114.359022
15/08/2021,46973.82,47372.27,45500.0,47068.5,42110.711334
16/08/2021,45901.29,48053.83,45660.0,46973.82,52480.574014
17/08/2021,44695.95,47160.0,44376.0,45901.3,57039.341629
18/08/2021,44705.29,46000.0,44203.28,44695.95,54099.415985
19/08/2021,46760.62,47033.0,43927.7,44699.37,53411.75392
20/08/2021,49322.47,49382.99,46622.99,46760.62,56850.352228
21/08/2021,48821.87,49757.04,48222.0,49322.47,46745.136584
22/08/2021,49239.22,49500.0,48050.0,48821.88,37007.887795
23/08/2021,49488.85,50500.0,49029.0,49239.22,52462.541954
24/08/2021,47674.01,49860.0,47600.0,49488.85,51014.594748
25/08/2021,48973.32,49264.3,47126.28,47674.01,44655.830342
26/08/2021,46843.87,49352.84,46250.0,48973.32,49371.277774
27/08/2021,49069.9,49149.93,46348.0,46843.86,42068.104965
28/08/2021,48895.35,49299.0,48346.88,49069.9,26681.063786
29/08/2021,48767.83,49632.27,47762.54,48895.35,32652.283473
30/08/2021,46982.91,48888.61,46853.0,48767.84,40288.35083
31/08/2021,47100.89,48246.11,46700.0,46982.91,48645.52737
01/09/2021,48810.52,49156.0,46512.0,47100.89,49904.65528
02/09/2021,49246.64,50450.13,48584.06,48810.51,54410.770538
03/09/2021,49999.14,51000.0,48316.84,49246.63,59025.644157
04/09/2021,49915.64,50535.69,49370.0,49998.0,34664.65959
05/09/2021,51756.88,51900.0,49450.0,49917.54,40544.835873
06/09/2021,52663.9,52780.0,50969.33,51756.88,49249.667081
07/09/2021,46863.73,52920.0,42843.05,52666.2,123048.802719
08/09/2021,46048.31,47340.99,44412.02,46868.57,65069.3152
09/09/2021,46395.14,47399.97,45513.08,46048.31,50651.66002
10/09/2021,44850.91,47033.0,44132.29,46395.14,49048.26618
11/09/2021,45173.69,45987.93,44722.22,44842.2,30440.4081
12/09/2021,46025.24,46460.0,44742.06,45173.68,32094.28052
13/09/2021,44940.73,46880.0,43370.0,46025.23,65429.15056
14/09/2021,47111.52,47250.0,44594.44,44940.72,44855.85099
15/09/2021,48121.41,48500.0,46682.32,47103.28,43204.71174
16/09/2021,47737.82,48557.0,47021.1,48121.4,40725.08895
17/09/2021,47299.98,48150.0,46699.56,47737.81,34461.92776
18/09/2021,48292.74,48843.2,47035.56,47299.98,30906.47038
19/09/2021,47241.75,48372.83,46829.18,48292.75,29847.24349
20/09/2021,43015.62,47347.25,42500.0,47241.75,78003.524443
21/09/2021,40734.38,43639.0,39600.0,43016.64,84534.080485
22/09/2021,43543.61,44000.55,40565.39,40734.09,58349.05542
23/09/2021,44865.26,44978.0,43069.09,43546.37,48699.57655
24/09/2021,42810.57,45200.0,40675.0,44865.26,84113.426292
25/09/2021,42670.64,42966.84,41646.28,42810.58,33594.57189
26/09/2021,43160.9,43950.0,40750.0,42670.63,49879.99765
27/09/2021,42147.35,44350.0,42098.0,43160.9,39776.84383
28/09/2021,41026.54,42787.38,40888.0,42147.35,43372.2624
29/09/2021,41524.28,42590.0,40753.88,41025.01,33511.53487
30/09/2021,43824.1,44141.37,41410.17,41524.29,46381.22781
01/10/2021,48141.61,48495.0,43283.03,43820.01,66244.87492
02/10/2021,47634.9,48336.59,47430.18,48141.6,30508.98131
03/10/2021,48200.01,49228.08,47088.0,47634.89,30825.05601
04/10/2021,49224.94,49536.12,46891.0,48200.01,46796.49372
05/10/2021,51471.99,51886.3,49022.4,49224.93,52125.66793
06/10/2021,55315.0,55750.0,50382.41,51471.99,79877.545181
07/10/2021,53785.22,55332.31,53357.0,55315.0,54917.37766
08/10/2021,53951.43,56100.0,53617.61,53785.22,46160.25785
09/10/2021,54949.72,55489.0,53661.67,53955.67,55177.08013
10/10/2021,54659.0,56561.31,54080.0,54949.72,89237.836128
11/10/2021,57471.35,57839.04,54415.06,54659.01,52933.165751
12/10/2021,55996.93,57680.0,53879.0,57471.35,53471.2855
13/10/2021,57367.0,57777.0,54167.19,55996.91,55808.44492
14/10/2021,57347.94,58532.54,56818.05,57370.83,43053.336781
15/10/2021,61672.42,62933.0,56850.0,57347.94,82512.908022
16/10/2021,60875.57,62378.42,60150.0,61672.42,35467.88096
17/10/2021,61528.33,61718.39,58963.0,60875.57,39099.24124
18/10/2021,62009.84,62695.78,59844.45,61528.32,51798.44844
19/10/2021,64280.59,64486.0,61322.22,62005.6,53628.107744
20/10/2021,66001.41,67000.0,63481.4,64280.59,51428.934856
21/10/2021,62193.15,66639.74,62000.0,66001.4,68538.64537
22/10/2021,60688.22,63732.39,60000.0,62193.15,52119.35886
23/10/2021,61286.75,61747.64,59562.15,60688.23,27626.93678
24/10/2021,60852.22,61500.0,59510.63,61286.75,31226.57676
25/10/2021,63078.78,63710.63,60650.0,60852.22,36853.83806
26/10/2021,60328.81,63293.48,59817.55,63078.78,40217.50083
27/10/2021,58413.44,61496.0,58000.0,60328.81,62124.49016
28/10/2021,60575.89,62499.0,57820.0,58413.44,61056.35301
29/10/2021,62253.71,62980.0,60174.81,60575.9,43973.90414
30/10/2021,61859.19,62359.25,60673.0,62253.7,31478.12566
31/10/2021,61299.8,62405.3,59945.36,61859.19,39267.63794
01/11/2021,60911.11,62437.74,59405.0,61299.81,44687.66672
02/11/2021,63219.99,64270.0,60624.68,60911.12,46368.2841
03/11/2021,62896.48,63500.0,60382.76,63220.57,43336.09049
04/11/2021,61395.01,63086.31,60677.01,62896.49,35930.93314
05/11/2021,60937.12,62595.72,60721.0,61395.01,31604.48749
06/11/2021,61470.61,61560.49,60050.0,60940.18,25590.57408
07/11/2021,63273.59,63286.35,61322.78,61470.62,25515.6883
08/11/2021,67525.83,67789.0,63273.58,63273.58,54442.094554
09/11/2021,66947.66,68524.25,66222.4,67525.82,44661.378068
10/11/2021,64882.43,69000.0,62822.9,66947.67,65171.504046
11/11/2021,64774.26,65600.07,64100.0,64882.42,37237.98058
12/11/2021,64122.23,65450.7,62278.0,64774.25,44490.10816
13/11/2021,64380.0,65000.0,63360.22,64122.22,22504.97383
14/11/2021,65519.1,65550.51,63576.27,64380.01,25705.07347
15/11/2021,63606.74,66401.82,63400.0,65519.11,37829.37124
16/11/2021,60058.87,63617.31,58574.07,63606.73,77455.15609
17/11/2021,60344.87,60840.23,58373.0,60058.87,46289.38491
18/11/2021,56891.62,60976.0,56474.26,60344.86,62146.99931
19/11/2021,58052.24,58320.0,55600.0,56891.62,50715.88726
20/11/2021,59707.51,59845.0,57353.0,58057.1,33811.5901
21/11/2021,58622.02,60029.76,58486.65,59707.52,31902.22785
22/11/2021,56247.18,59444.0,55610.0,58617.7,51724.32047
23/11/2021,57541.27,58009.99,55317.0,56243.83,49917.85017
24/11/2021,57138.29,57735.0,55837.0,57541.26,39612.04964
25/11/2021,58960.36,59398.9,57000.0,57138.29,42153.51522
26/11/2021,53726.53,59150.0,53500.0,58960.37,65927.87066
27/11/2021,54721.03,55280.0,53610.0,53723.72,29716.99957
28/11/2021,57274.88,57445.05,53256.64,54716.47,36163.7137
29/11/2021,57776.25,58865.97,56666.67,57274.89,40125.28009
30/11/2021,56950.56,59176.99,55875.55,57776.25,49161.05194
01/12/2021,57184.07,59053.55,56458.01,56950.56,44956.63656
02/12/2021,56480.34,57375.47,55777.77,57184.07,37574.05976
03/12/2021,53601.05,57600.0,51680.0,56484.26,58927.69027
04/12/2021,49152.47,53859.1,42000.3,53601.05,114203.373748
05/12/2021,49396.33,49699.05,47727.21,49152.46,45580.82012
06/12/2021,50441.92,50891.11,47100.0,49396.32,58571.21575
07/12/2021,50588.95,51936.33,50039.74,50441.91,38253.46877
08/12/2021,50471.19,51200.0,48600.0,50588.95,38425.92466
09/12/2021,47545.59,50797.76,47320.0,50471.19,37692.68665
10/12/2021,47140.54,50125.0,46852.0,47535.9,44233.57391
11/12/2021,49389.99,49485.71,46751.0,47140.54,28889.19358
12/12/2021,50053.9,50777.0,48638.0,49389.99,26017.93421
13/12/2021,46702.75,50189.97,45672.75,50053.9,50869.52093
14/12/2021,48343.28,48700.41,46290.0,46702.76,39955.98445
15/12/2021,48864.98,49500.0,46547.0,48336.95,51629.181
16/12/2021,47632.38,49436.43,47511.0,48864.98,31949.86739
17/12/2021,46131.2,47995.96,45456.0,47632.38,43104.4887
18/12/2021,46834.48,47392.37,45500.0,46133.83,25020.05271
19/12/2021,46681.23,48300.01,46406.91,46834.47,29305.70665
20/12/2021,46914.16,47537.57,45558.85,46681.24,35848.50609
21/12/2021,48889.88,49328.96,46630.0,46914.17,37713.92924
22/12/2021,48588.16,49576.13,48421.87,48887.59,27004.2022
23/12/2021,50838.81,51375.0,47920.42,48588.17,35192.54046
24/12/2021,50820.0,51810.0,50384.43,50838.82,31684.84269
25/12/2021,50399.66,51156.23,50142.32,50819.99,19135.51613
26/12/2021,50775.49,51280.0,49412.0,50399.67,22569.88914
27/12/2021,50701.44,52088.0,50449.0,50775.48,28792.21566
28/12/2021,47543.74,50704.05,47313.01,50701.44,45853.33924
29/12/2021,46464.66,48139.08,46096.99,47543.74,39498.87
30/12/2021,47120.87,47900.0,45900.0,46464.66,30352.29569
31/12/2021,46216.93,48548.26,45678.0,47120.88,34937.99796
01/01/2022,47722.65,47954.63,46208.37,46216.93,19604.46325
02/01/2022,47286.18,47990.0,46654.0,47722.66,18340.4604
03/01/2022,46446.1,47570.0,45696.0,47286.18,27662.0771
04/01/2022,45832.01,47557.54,45500.0,46446.1,35491.4136
05/01/2022,43451.13,47070.0,42500.0,45832.01,51784.11857
06/01/2022,43082.31,43816.0,42430.58,43451.14,38880.37305
07/01/2022,41566.48,43145.83,40610.0,43082.3,54836.50818
08/01/2022,41679.74,42300.0,40501.0,41566.48,32952.73111
09/01/2022,41864.62,42786.7,41200.02,41679.74,22724.39426
10/01/2022,41822.49,42248.5,39650.0,41864.62,50729.17019
11/01/2022,42729.29,43100.0,41268.93,41822.49,37296.43729
12/01/2022,43902.66,44322.0,42450.0,42729.29,33943.2928
13/01/2022,42560.11,44500.0,42311.22,43902.65,34910.87762
14/01/2022,43059.96,43448.78,41725.95,42558.35,32640.88292
15/01/2022,43084.29,43800.0,42555.0,43059.96,21936.05616
16/01/2022,43071.66,43475.0,42581.79,43084.29,20602.35271
17/01/2022,42201.62,43176.18,41540.42,43071.66,27562.08613
18/01/2022,42352.12,42691.0,41250.0,42201.63,29324.08257
19/01/2022,41660.01,42559.13,41138.56,42352.12,31685.72159
20/01/2022,40680.91,43505.0,40553.31,41660.0,42330.33953
21/01/2022,36445.31,41100.0,35440.45,40680.92,88860.891999
22/01/2022,35071.42,36835.22,34008.0,36445.31,90471.338961
23/01/2022,36244.55,36499.0,34601.01,35071.42,44279.52354
24/01/2022,36660.35,37550.0,32917.17,36244.55,91904.753211
25/01/2022,36958.32,37545.14,35701.0,36660.35,49232.40183
26/01/2022,36809.34,38919.98,36234.63,36958.32,69830.16036
27/01/2022,37160.1,37234.47,35507.01,36807.24,53020.87934
28/01/2022,37716.56,38000.0,36155.01,37160.11,42154.26956
29/01/2022,38166.84,38720.74,37268.44,37716.57,26129.49682
30/01/2022,37881.76,38359.26,37351.63,38166.83,21430.66527
31/01/2022,38466.9,38744.0,36632.61,37881.75,36855.2458
01/02/2022,38694.59,39265.2,38000.0,38466.9,34574.44663
02/02/2022,36896.36,38855.92,36586.95,38694.59,35794.6813
03/02/2022,37311.61,37387.0,36250.0,36896.37,32081.10999
04/02/2022,41574.25,41772.33,37026.73,37311.98,64703.95874
05/02/2022,41382.59,41913.69,40843.01,41571.7,32532.34372
06/02/2022,42380.87,42656.0,41116.56,41382.6,22405.16704
07/02/2022,43839.99,44500.5,41645.85,42380.87,51060.62006
08/02/2022,44042.99,45492.0,42666.0,43839.99,64880.29387
09/02/2022,44372.72,44799.0,43117.92,44043.0,34428.16729
10/02/2022,43495.44,45821.0,43174.01,44372.71,62357.29091
11/02/2022,42373.73,43920.0,41938.51,43495.44,44975.1687
12/02/2022,42217.87,43079.49,41688.88,42373.73,26556.85681
13/02/2022,42053.66,42760.0,41870.0,42217.87,17732.08113
14/02/2022,42535.94,42842.4,41550.56,42053.65,34010.1306
15/02/2022,44544.86,44751.4,42427.03,42535.94,38095.19576
16/02/2022,43873.56,44549.97,43307.0,44544.85,28471.8727
17/02/2022,40515.7,44164.71,40073.21,43873.56,47245.99494
18/02/2022,39974.44,40959.88,39450.0,40515.71,43845.92241
19/02/2022,40079.17,40444.32,39639.03,39974.45,18042.0551
20/02/2022,38386.89,40125.44,38000.0,40079.17,33439.29011
21/02/2022,37008.16,39494.35,36800.0,38386.89,62347.68496
22/02/2022,38230.33,38429.0,36350.0,37008.16,53785.94589
23/02/2022,37250.01,39249.93,37036.79,38230.33,43560.732
24/02/2022,38327.21,39843.0,34322.28,37250.02,120476.29458
25/02/2022,39219.17,39683.53,38014.37,38328.68,56574.57125
26/02/2022,39116.72,40348.45,38573.18,39219.16,29361.2568
27/02/2022,37699.07,39855.7,37000.0,39116.73,46229.44719
28/02/2022,43160.0,44225.84,37450.17,37699.08,73945.63858
01/03/2022,44421.2,44949.0,42809.98,43160.0,61743.09873
02/03/2022,43892.98,45400.0,43334.09,44421.2,57782.65081
03/03/2022,42454.0,44101.12,41832.28,43892.99,50940.61021
04/03/2022,39148.66,42527.3,38550.0,42454.0,61964.68498
05/03/2022,39397.96,39613.24,38407.59,39148.65,30363.13341
06/03/2022,38420.81,39693.87,38088.57,39397.97,39677.26158
07/03/2022,37988.0,39547.57,37155.0,38420.8,63994.11559
08/03/2022,38730.63,39362.08,37867.65,37988.01,55583.06638
09/03/2022,41941.71,42594.06,38656.45,38730.63,67392.58799
10/03/2022,39422.0,42039.63,38539.73,41941.7,71962.93154
11/03/2022,38729.57,40236.26,38223.6,39422.01,59018.7642
12/03/2022,38807.36,39486.71,38660.52,38729.57,24034.36432
13/03/2022,37777.34,39310.0,37578.51,38807.35,32791.82359
14/03/2022,39671.37,39947.12,37555.0,37777.35,46945.45375
15/03/2022,39280.33,39887.61,38098.33,39671.37,46015.54926
16/03/2022,41114.0,41718.0,38828.48,39280.33,88120.76167
17/03/2022,40917.9,41478.82,40500.0,41114.01,37189.38087
18/03/2022,41757.51,42325.02,40135.04,40917.89,45408.00969
19/03/2022,42201.13,42400.0,41499.29,41757.51,29067.18108
20/03/2022,41262.11,42296.26,40911.0,42201.13,30653.33468
21/03/2022,41002.25,41544.22,40467.94,41262.11,39426.24877
22/03/2022,42364.13,43361.0,40875.51,41002.26,59454.94294
23/03/2022,42882.76,43025.96,41751.47,42364.13,40828.87039
24/03/2022,43991.46,44220.89,42560.46,42882.76,56195.12374
25/03/2022,44313.16,45094.14,43579.0,43991.46,54614.43648
26/03/2022,44511.27,44792.99,44071.97,44313.16,23041.61741
27/03/2022,46827.76,46999.0,44421.46,44511.27,41874.91071
28/03/2022,47122.21,48189.84,46663.56,46827.76,58949.2614
29/03/2022,47434.8,48096.47,46950.85,47122.21,36772.28457
30/03/2022,47067.99,47700.22,46445.42,47434.79,40947.2085
31/03/2022,45510.34,47600.0,45200.0,47067.99,48645.12667
01/04/2022,46283.49,46720.09,44200.0,45510.35,56271.06474
02/04/2022,45811.0,47213.0,45620.0,46283.49,37073.53582
03/04/2022,46407.35,47444.11,45530.92,45810.99,33394.67794
04/04/2022,46580.51,46890.71,45118.0,46407.36,44641.87514
05/04/2022,45497.55,47200.0,45353.81,46580.5,42192.74852
06/04/2022,43170.47,45507.14,43121.0,45497.54,60849.32936
07/04/2022,43444.19,43900.99,42727.35,43170.47,37396.54156
08/04/2022,42252.01,43970.62,42107.14,43444.2,42375.04203
09/04/2022,42753.97,42800.0,42125.48,42252.02,17891.66047
10/04/2022,42158.85,43410.3,41868.0,42753.96,22771.09403
11/04/2022,39530.45,42414.71,39200.0,42158.85,63560.44721
12/04/2022,40074.94,40699.0,39254.63,39530.45,57751.01778
13/04/2022,41147.79,41561.31,39588.54,40074.95,41342.27254
14/04/2022,39942.38,41500.0,39551.94,41147.78,36807.01401
15/04/2022,40551.9,40870.36,39766.4,39942.37,24026.35739
16/04/2022,40378.71,40709.35,39991.55,40551.9,15805.44718
17/04/2022,39678.12,40595.67,39546.17,40378.7,19988.49259
18/04/2022,40801.13,41116.73,38536.51,39678.11,54243.49575
19/04/2022,41493.18,41760.0,40571.0,40801.13,35788.85843
20/04/2022,41358.19,42199.0,40820.0,41493.19,40877.35041
21/04/2022,40480.01,42976.0,39751.0,41358.19,59316.27657
22/04/2022,39709.18,40795.06,39177.0,40480.01,46664.0196
23/04/2022,39441.6,39980.0,39285.0,39709.19,20291.42375
24/04/2022,39450.13,39940.0,38929.62,39441.61,26703.61186
25/04/2022,40426.08,40616.0,38200.0,39450.12,63037.12784
26/04/2022,38112.65,40797.31,37702.26,40426.08,66650.258
27/04/2022,39235.72,39474.72,37881.31,38112.64,57083.12272
28/04/2022,39742.07,40372.63,38881.43,39235.72,56086.6715
29/04/2022,38596.11,39925.25,38175.0,39742.06,51453.65715
30/04/2022,37630.8,38795.38,37578.2,38596.11,35321.18989
01/05/2022,38468.35,38675.0,37386.38,37630.8,38812.24104
02/05/2022,38525.16,39167.34,38052.0,38468.35,53200.92628
03/05/2022,37728.95,38651.51,37517.8,38525.16,40316.45358
04/05/2022,39690.0,40023.77,37670.0,37728.95,62574.61736
05/05/2022,36552.97,39845.51,35571.9,39690.0,88722.43355
06/05/2022,36013.77,36675.63,35258.0,36552.97,68437.80187
07/05/2022,35472.39,36146.3,34785.0,36013.77,34281.70682
08/05/2022,34038.4,35514.22,33713.95,35472.4,72445.64344
09/05/2022,30076.31,34243.15,30033.33,34038.39,191876.926428
10/05/2022,31017.1,32658.99,29730.4,30074.23,165532.00311
11/05/2022,29103.94,32162.59,27785.0,31017.11,207063.739278
12/05/2022,29029.75,30243.0,26700.0,29103.94,204507.263138
13/05/2022,29287.05,31083.37,28751.67,29029.74,97872.36957
14/05/2022,30086.74,30343.27,28630.0,29287.05,51095.87863
15/05/2022,31328.89,31460.0,29480.0,30086.74,46275.66912
16/05/2022,29874.01,31328.9,29087.04,31328.89,73082.19658
17/05/2022,30444.93,30788.37,29450.38,29874.01,56724.13307
18/05/2022,28715.32,30709.99,28654.47,30444.93,59749.15799
19/05/2022,30319.23,30545.18,28691.38,28715.33,67877.36415
20/05/2022,29201.01,30777.33,28730.0,30319.22,60517.25325
21/05/2022,29445.06,29656.18,28947.28,29201.01,20987.13124
22/05/2022,30293.94,30487.99,29255.11,29445.07,36158.98748
23/05/2022,29109.15,30670.51,28866.35,30293.93,63901.49932
24/05/2022,29654.58,29845.86,28669.0,29109.14,59442.96036
25/05/2022,29542.15,30223.74,29294.21,29654.58,59537.38659
26/05/2022,29201.35,29886.64,28019.56,29542.14,94581.65463
27/05/2022,28629.8,29397.66,28282.9,29201.35,90998.5201
28/05/2022,29031.33,29266.0,28450.0,28629.81,34479.35127
29/05/2022,29468.1,29587.78,28839.21,29031.33,27567.34764
30/05/2022,31734.22,32222.0,29299.62,29468.1,96785.9476
31/05/2022,31801.04,32399.0,31200.01,31734.23,62433.11632
01/06/2022,29805.83,31982.97,29301.0,31801.05,103395.63382
02/06/2022,30452.62,30689.0,29594.55,29805.84,56961.42928
03/06/2022,29700.21,30699.0,29282.36,30452.63,54067.44727
04/06/2022,29864.04,29988.88,29485.0,29700.21,25617.90113
05/06/2022,29919.21,30189.0,29531.42,29864.03,23139.9281
06/06/2022,31373.1,31765.64,29890.23,29919.2,68836.92456
07/06/2022,31125.33,31589.6,29218.96,31373.1,110674.51658
08/06/2022,30204.77,31327.22,29843.88,31125.32,68542.61276
09/06/2022,30109.93,30700.0,29944.1,30204.77,46291.1865
10/06/2022,29091.88,30382.8,28850.0,30109.93,76204.2498
11/06/2022,28424.7,29440.41,28099.99,29091.87,65901.39895
12/06/2022,26574.53,28544.96,26560.0,28424.71,92474.598809
13/06/2022,22487.41,26895.84,21925.77,26574.53,254611.034966
14/06/2022,22136.41,23362.88,20846.0,22485.27,187201.64671
15/06/2022,22583.72,22800.0,20111.62,22136.42,200774.493467
16/06/2022,20401.31,22995.73,20232.0,22583.72,99673.59429
17/06/2022,20468.81,21365.43,20246.66,20400.6,86694.33663
18/06/2022,18970.79,20792.06,17622.0,20468.81,196441.655524
19/06/2022,20574.0,20815.95,17960.41,18970.79,128320.87595
20/06/2022,20573.89,21090.0,19637.03,20574.0,109028.94154
21/06/2022,20723.52,21723.0,20348.4,20573.9,104371.0749
22/06/2022,19987.99,20900.0,19770.51,20723.51,92133.97938
23/06/2022,21110.13,21233.0,19890.07,19988.0,83127.08716
24/06/2022,21237.69,21558.41,20736.72,21110.12,77430.36622
25/06/2022,21491.19,21614.5,20906.62,21237.68,51431.67794
26/06/2022,21038.07,21888.0,20964.73,21491.18,53278.10464
27/06/2022,20742.56,21539.85,20510.0,21038.08,64475.0013
28/06/2022,20281.29,21212.1,20202.01,20742.57,63801.0832
29/06/2022,20123.01,20432.31,19854.92,20281.28,77309.04379
30/06/2022,19942.21,20179.08,18626.0,20123.0,93846.64806
01/07/2022,19279.8,20918.35,18975.0,19942.21,111844.59494
02/07/2022,19252.81,19467.39,18977.01,19279.8,46180.3021
03/07/2022,19315.83,19647.63,18781.0,19252.82,51087.46631
04/07/2022,20236.71,20354.01,19055.31,19315.83,74814.04601
05/07/2022,20175.83,20750.0,19304.4,20236.71,96041.13756
06/07/2022,20564.51,20675.22,19761.25,20175.84,82439.5808
07/07/2022,21624.98,21838.1,20251.68,20564.51,85014.58261
08/07/2022,21594.75,22527.37,21189.26,21624.99,403081.57349
09/07/2022,21591.83,21980.0,21322.12,21594.75,178417.84468
10/07/2022,20862.47,21607.65,20655.0,21592.15,192188.21556
11/07/2022,19963.61,20868.48,19875.23,20861.11,137535.40724
12/07/2022,19328.75,20059.42,19240.0,19963.61,139506.45862
13/07/2022,20234.87,20366.61,18910.94,19331.28,209250.24888
14/07/2022,20588.84,20900.0,19616.07,20234.87,174809.21696
15/07/2022,20830.04,21200.0,20382.29,20588.84,143343.3049
16/07/2022,21195.6,21588.94,20478.61,20830.04,121011.67393
17/07/2022,20798.16,21684.54,20750.01,21195.6,118229.4525
18/07/2022,22432.58,22777.63,20762.45,20799.58,239942.73132
19/07/2022,23396.62,23800.0,21579.54,22432.58,263770.76574
20/07/2022,23223.3,24276.74,22906.19,23398.48,238762.17094
21/07/2022,23152.19,23442.77,22341.46,23223.3,184817.68191
22/07/2022,22684.83,23756.49,22500.0,23152.19,171598.43966
23/07/2022,22451.07,23000.77,21934.57,22684.83,122137.77375
24/07/2022,22579.68,23014.64,22257.15,22448.58,115189.67277
25/07/2022,21310.9,22666.0,21250.0,22577.13,180344.76643
26/07/2022,21254.67,21347.82,20706.5,21310.9,177817.24326
27/07/2022,22952.45,23112.63,21042.53,21254.67,210971.19796
28/07/2022,23842.93,24199.72,22582.13,22954.31,236029.0741
29/07/2022,23773.75,24442.66,23414.03,23845.25,198298.50623
30/07/2022,23643.51,24668.0,23502.25,23777.28,151060.13211
31/07/2022,23293.32,24194.82,23227.31,23644.64,127743.32483
01/08/2022,23268.01,23509.68,22850.0,23296.36,144210.16219
02/08/2022,22987.79,23459.89,22654.37,23266.9,158073.28225
03/08/2022,22818.37,23647.68,22681.22,22985.93,145948.80995
04/08/2022,22622.98,23223.32,22400.0,22816.91,154854.67016
05/08/2022,23312.42,23472.86,22586.95,22622.41,175251.69749
06/08/2022,22954.21,23354.36,22909.52,23313.56,83911.80307
07/08/2022,23174.39,23402.0,22844.62,22954.21,88890.00877
08/08/2022,23810.0,24245.0,23154.25,23174.39,170958.44152
09/08/2022,23149.95,23933.25,22865.0,23810.98,143182.50858
10/08/2022,23954.05,24226.0,22664.69,23151.32,208916.54953
11/08/2022,23934.39,24918.54,23852.13,23954.05,249759.79557
12/08/2022,24403.68,24456.5,23583.0,23933.09,174207.5704
13/08/2022,24441.38,24888.0,24291.22,24401.7,152852.25435
14/08/2022,24305.24,25047.56,24144.0,24443.06,151206.14473
15/08/2022,24094.82,25211.32,23773.22,24305.25,242539.54758
16/08/2022,23854.74,24247.49,23671.22,24093.04,179324.94821
17/08/2022,23342.66,24446.71,23180.4,23856.15,210668.68766
18/08/2022,23191.2,23600.0,23111.04,23342.66,144185.97011
19/08/2022,20834.39,23208.67,20783.57,23191.45,283995.87747
20/08/2022,21140.07,21382.85,20761.9,20834.39,183041.68363
21/08/2022,21515.61,21800.0,21069.11,21140.07,159200.6841
22/08/2022,21399.83,21548.71,20890.18,21516.7,222222.04526
23/08/2022,21529.12,21684.87,20890.14,21400.75,200967.77164
24/08/2022,21368.08,21900.0,21145.0,21529.11,174383.22046
25/08/2022,21559.04,21819.88,21310.15,21368.05,169915.78301
26/08/2022,20241.05,21886.77,20107.9,21559.04,273811.61955
27/08/2022,20037.6,20402.93,19800.0,20239.14,162582.46032
28/08/2022,19555.61,20171.18,19520.0,20037.6,139307.95976
29/08/2022,20285.73,20433.62,19550.79,19555.61,210509.49545
30/08/2022,19811.66,20576.25,19540.0,20287.2,256634.35529
31/08/2022,20050.02,20490.0,19797.94,19813.03,276946.60765
01/09/2022,20131.46,20208.37,19565.66,20048.44,245289.97263
02/09/2022,19951.86,20441.26,19755.29,20132.64,245986.6033
03/09/2022,19831.9,20055.93,19652.72,19950.98,146639.03204
04/09/2022,20000.3,20029.23,19583.1,19832.45,145588.77893
05/09/2022,19796.84,20057.27,19633.83,20000.3,222543.01057
06/09/2022,18790.61,20180.0,18649.51,19795.34,356315.05718
07/09/2022,19292.84,19464.06,18510.77,18790.61,287394.7788
08/09/2022,19319.77,19458.25,19012.0,19292.85,262813.28273
09/09/2022,21360.11,21597.22,19291.75,19320.54,428919.74652
10/09/2022,21648.34,21810.8,21111.13,21361.62,307997.33504
11/09/2022,21826.87,21860.0,21350.0,21647.21,280702.55149
12/09/2022,22395.74,22488.0,21538.51,21826.87,395395.61828
13/09/2022,20173.57,22799.0,19860.0,22395.44,431915.03333
14/09/2022,20226.71,20541.48,19617.62,20173.62,340826.40151
15/09/2022,19701.88,20330.24,19497.0,20227.17,333069.76076
16/09/2022,19803.3,19890.0,19320.01,19701.88,283791.07064
17/09/2022,20113.62,20189.0,19748.08,19803.3,179350.24338
18/09/2022,19416.18,20117.26,19335.62,20112.61,254217.46904
19/09/2022,19537.02,19686.2,18232.56,19417.45,380512.40306
20/09/2022,18875.0,19634.62,18711.87,19537.02,324098.3286
21/09/2022,18461.36,19956.0,18125.98,18874.31,385034.10021
22/09/2022,19401.63,19550.17,18356.39,18461.36,379321.72111
23/09/2022,19289.91,19500.0,18531.42,19401.63,385886.91829
24/09/2022,18920.5,19316.14,18805.34,19288.57,239496.56746
25/09/2022,18807.38,19180.21,18629.2,18921.99,191191.4492
26/09/2022,19227.82,19318.96,18680.72,18809.13,439239.21943
27/09/2022,19079.13,20385.86,18816.32,19226.68,593260.74161
28/09/2022,19412.82,19790.0,18471.28,19078.1,521385.45547
29/09/2022,19591.51,19645.52,18843.01,19412.82,406424.93256
30/09/2022,19422.61,20185.0,19155.36,19590.54,444322.9534
01/10/2022,19310.95,19484.0,19159.42,19422.61,165625.13959
02/10/2022,19056.8,19395.91,18920.35,19312.24,206812.47032
03/10/2022,19629.08,19719.1,18959.68,19057.74,293585.75212
04/10/2022,20337.82,20475.0,19490.6,19629.08,327012.00127
05/10/2022,20158.26,20365.6,19730.0,20337.82,312239.75224
06/10/2022,19960.67,20456.6,19853.0,20158.26,320122.1702
07/10/2022,19530.09,20068.82,19320.0,19960.67,220874.83913
08/10/2022,19417.96,19627.38,19237.14,19530.09,102480.09842
09/10/2022,19439.02,19558.0,19316.04,19416.52,113900.82681
10/10/2022,19131.87,19525.0,19020.25,19439.96,212509.09849
11/10/2022,19060.0,19268.09,18860.0,19131.87,243473.84286
12/10/2022,19155.53,19238.31,18965.88,19060.0,213826.26731
13/10/2022,19375.13,19513.79,18190.0,19155.1,399756.68337
14/10/2022,19176.93,19951.87,19070.37,19375.58,351634.32601
15/10/2022,19069.39,19227.68,18975.18,19176.93,113847.64232
16/10/2022,19262.98,19425.84,19063.74,19068.4,131894.61885
17/10/2022,19549.86,19676.96,19152.03,19262.98,222813.87634
18/10/2022,19327.44,19706.66,19091.0,19548.48,260313.07848
19/10/2022,19123.97,19360.16,19065.97,19327.44,186137.29538
20/10/2022,19041.92,19347.82,18900.0,19123.35,223530.13068
21/10/2022,19164.37,19250.0,18650.0,19041.92,269310.75769
22/10/2022,19204.35,19257.0,19112.72,19164.37,110403.90837
23/10/2022,19570.4,19695.0,19070.11,19204.29,167057.20184
24/10/2022,19329.72,19601.15,19157.0,19570.4,256168.14467
25/10/2022,20080.07,20415.87,19237.0,19330.6,326370.67061
26/10/2022,20771.59,21020.0,20050.41,20079.02,380492.69576
27/10/2022,20295.11,20872.21,20200.0,20771.61,328643.57791
28/10/2022,20591.84,20750.0,20000.09,20295.11,287039.94569
29/10/2022,20809.67,21085.0,20554.01,20591.84,254881.77755
30/10/2022,20627.48,20931.21,20515.0,20809.68,192795.60886
31/10/2022,20490.74,20845.92,20237.95,20627.48,303567.61628
01/11/2022,20483.62,20700.0,20330.74,20490.74,279932.43771
02/11/2022,20151.84,20800.0,20048.04,20482.81,373716.27299
03/11/2022,20207.82,20393.32,20031.24,20151.84,319185.1544
04/11/2022,21148.52,21302.05,20180.96,20207.12,453694.39165
05/11/2022,21299.37,21480.65,21080.65,21148.52,245621.98525
06/11/2022,20905.58,21365.27,20886.13,21299.37,230036.97217
07/11/2022,20591.13,21069.77,20384.89,20905.58,386977.60337
08/11/2022,18547.23,20700.88,17166.83,20590.67,760705.362783
09/11/2022,15922.81,18587.76,15588.0,18545.38,731926.929729
10/11/2022,17601.15,18199.0,15754.26,15922.68,608448.36432
11/11/2022,17070.31,17695.0,16361.6,17602.45,393552.86492
12/11/2022,16812.08,17119.1,16631.39,17069.98,167819.96035
13/11/2022,16329.85,16954.28,16229.0,16813.16,184960.78846
14/11/2022,16619.46,17190.0,15815.21,16331.78,380210.7775
15/11/2022,16900.57,17134.69,16527.72,16617.72,282461.84391
16/11/2022,16662.76,17015.92,16378.61,16900.57,261493.40809
17/11/2022,16692.56,16751.0,16410.74,16661.61,228038.97873
18/11/2022,16700.45,17011.0,16546.04,16692.56,214224.18184
19/11/2022,16700.68,16822.41,16553.53,16699.43,104963.15558
20/11/2022,16280.23,16753.33,16180.0,16700.68,154842.13478
21/11/2022,15781.29,16319.0,15476.0,16279.5,324096.997753
22/11/2022,16226.94,16315.0,15616.63,15781.29,239548.06623
23/11/2022,16603.11,16706.0,16160.2,16227.96,264927.70408
24/11/2022,16598.95,16812.63,16458.05,16603.11,206565.92346
25/11/2022,16522.14,16666.0,16342.81,16599.55,182089.49533
26/11/2022,16458.57,16701.99,16385.0,16521.35,181804.81666
27/11/2022,16428.78,16600.0,16401.0,16457.61,162025.47607
28/11/2022,16212.91,16487.04,15995.27,16428.77,252695.40367
29/11/2022,16442.53,16548.71,16100.0,16212.18,248106.25009
30/11/2022,17163.64,17249.0,16428.3,16442.91,303019.80719
01/12/2022,16977.37,17324.0,16855.01,17165.53,232818.18218
02/12/2022,17092.74,17105.73,16787.85,16978.0,202372.2062
03/12/2022,16885.2,17188.98,16858.74,17092.13,154542.57306
04/12/2022,17105.7,17202.84,16878.25,16885.2,178619.13387
05/12/2022,16966.35,17424.25,16867.0,17106.65,233703.29225
06/12/2022,17088.96,17107.01,16906.37,16966.35,218730.76883
07/12/2022,16836.64,17142.21,16678.83,17088.96,220657.41334
08/12/2022,17224.1,17299.0,16733.49,16836.64,236417.97804
09/12/2022,17128.56,17360.0,17058.21,17224.1,238422.06465
10/12/2022,17127.49,17227.72,17092.0,17128.56,140573.97937
11/12/2022,17085.05,17270.99,17071.0,17127.49,155286.47871
12/12/2022,17209.83,17241.89,16871.85,17085.05,226227.49694
13/12/2022,17774.7,18000.0,17080.14,17208.93,284462.9139
14/12/2022,17803.15,18387.95,17660.94,17775.82,266681.22209
15/12/2022,17356.34,17854.82,17275.51,17804.01,223701.96882
16/12/2022,16632.12,17531.73,16527.32,17356.96,253379.04116
17/12/2022,16776.52,16796.82,16579.85,16631.5,144825.66684
18/12/2022,16738.21,16863.26,16663.07,16777.54,112619.31646
19/12/2022,16438.88,16815.99,16256.3,16739.0,179094.28305
20/12/2022,16895.56,17061.27,16397.2,16438.88,248808.92324
21/12/2022,16824.67,16925.0,16723.0,16896.15,156810.96362
22/12/2022,16821.43,16868.52,16559.85,16824.68,176044.27235
23/12/2022,16778.5,16955.14,16731.13,16821.9,161612.00947
24/12/2022,16836.12,16869.99,16776.62,16778.52,100224.29096
25/12/2022,16832.11,16857.96,16721.0,16835.73,125441.07202
26/12/2022,16919.39,16944.52,16791.0,16832.11,124564.00656
27/12/2022,16706.36,16972.83,16592.37,16919.39,173749.58616
28/12/2022,16547.31,16785.19,16465.33,16706.06,193037.56577
29/12/2022,16633.47,16664.41,16488.91,16547.32,160998.47158
30/12/2022,16607.48,16677.35,16333.0,16633.47,164916.31174
31/12/2022,16542.4,16644.09,16470.0,16607.48,114490.42864
